,SEASON,TEMP PLAYER ID,PLAYER ID,PLAYER NAME,POSITION,STANDING VERTICAL LEAP,MAX VERTICAL LEAP,LANE AGILITY TIME,MODIFIED LANE AGILITY TIME,THREE QUARTER SPRINT,BENCH PRESS
0,2000-01,,12137,A.J. Granger,SF,30.0,34.0,10.73,,3.25,20.0
1,2000-01,,2062,A.J. Guyton,PG-SG,33.0,37.5,10.55,,3.22,9.0
2,2000-01,,2637,Alex Scales,SG-PG,38.5,42.5,10.98,,3.21,10.0
3,2000-01,,2238,Antonis Fotsis,SF,27.0,30.0,11.6,,3.44,2.0
4,2000-01,,12021,Aubrey Reese,PG,31.5,37.5,11.13,,3.25,14.0
5,2000-01,,12028,Bootsy Thornton,SG,26.5,31.0,12.08,,3.33,7.0
6,2000-01,,12144,Brandon Kurtz,PF-C,,,,,,7.0
7,2000-01,,12145,Brian Montonati,PF,25.0,29.0,11.85,,3.53,5.0
8,2000-01,,12017,Caswell Cyrus,PF,33.5,37.5,12.12,,3.16,18.0
9,2000-01,,12135,Ceedric Goodwyn,SF-PF,,,,,,
10,2000-01,,2084,Chris Porter,SF-PF,28.5,35.0,10.93,,3.2,6.0
11,2000-01,,2083,Cory Hightower,SG-SF,29.5,34.5,11.92,,3.37,0.0
12,2000-01,,12149,Damon Reed,PF-C,27.5,31.5,11.21,,3.31,4.0
13,2000-01,,2061,Dan Langhi,SF,31.0,34.5,10.85,,3.24,12.0
14,2000-01,,2082,Dan McClintock,C-PF,33.0,35.0,11.52,,3.33,20.0
15,2000-01,,2051,Donnell Harvey,PF,33.0,32.5,11.23,,,15.0
16,2000-01,,12133,Ed Cota,PG,26.5,33.5,10.98,,3.24,1.0
17,2000-01,,2109,Eddie Gill,PG,35.0,38.5,11.12,,3.18,13.0
18,2000-01,,2067,Eddie House,SG-PG,29.5,38.5,11.12,,3.27,5.0
19,2000-01,,2059,Eduardo Najera,PF-SF,28.0,35.0,11.38,,3.45,15.0
20,2000-01,,12132,Eric Coley,SG-SF,35.0,38.0,11.4,,3.15,10.0
21,2000-01,,2081,Ernest Brown,C,,,,,,2.0
22,2000-01,,2508,Gabe Muoneke,PF-SF,30.5,34.0,11.0,,3.4,22.0
23,2000-01,,12019,Harold Arceneaux,SG-SF,,29.0,13.8,,,0.0
24,2000-01,,2080,Igor Rakocevic,PG,27.5,34.0,10.4,,3.1,9.0
25,2000-01,,2074,Jabari Smith,PF-C,24.5,30.0,12.45,,3.43,15.0
26,2000-01,,12141,Jacob Jaacks,PF,26.0,32.0,11.48,,3.58,3.0
27,2000-01,,2037,Jamal Crawford,PG-SG,,,,,,0.0
28,2000-01,,12030,Jameel Watkins,PF-C,28.0,30.5,12.38,,3.45,11.0
29,2000-01,,12029,Jaquay Walls,PG,28.5,35.5,10.75,,3.23,0.0
30,2000-01,,12027,Jarrett Stephens,PF,27.0,29.0,11.98,,3.46,13.0
31,2000-01,,2078,Jason Hart,PG,29.5,33.5,11.7,,3.34,9.0
32,2000-01,,2111,Jimmie Hunter,SG-PG,29.0,36.0,11.23,,3.35,0.0
33,2000-01,,12138,Johnny Hemsley,SG-SF,31.5,35.0,11.5,,3.19,5.0
34,2000-01,,12022,Julius Doc Robinson,PG,30.0,37.5,12.54,,3.41,0.0
35,2000-01,,2090,Justin Love,PG-SG,31.0,38.5,10.99,,3.31,24.0
36,2000-01,,12025,Karim Shabazz,C,24.5,28.0,12.72,,3.36,2.0
37,2000-01,,12143,Kenyon Jones,PF-C,28.5,30.0,12.44,,3.6,20.0
38,2000-01,,2064,Khalid El-Amin,PG,27.5,32.0,10.59,,3.32,6.0
39,2000-01,,12020,Lamont Barnes,PF-C,28.0,29.5,12.3,,3.4,10.0
40,2000-01,,2068,Lavor Postell,SG,33.5,36.5,11.79,,3.3,17.0
41,2000-01,,2124,Malik Allen,PF-C,25.5,29.0,11.83,,3.38,13.0
42,2000-01,,12136,Marcus Goree,SF-PF,29.5,33.5,12.0,,3.25,13.0
43,2000-01,,12131,Mario Bland,PF,27.0,31.0,13.04,,3.47,15.0
44,2000-01,,2077,Mark Karcher,SG,27.5,30.5,11.51,,3.4,12.0
45,2000-01,,2058,Mark Madsen,PF,30.5,33.5,12.12,,3.46,13.0
46,2000-01,,2060,Marko Jaric,SG-SF,27.5,33.0,11.32,,3.28,
47,2000-01,,12024,Matt Santangelo,PG,33.5,43.0,10.66,,3.06,12.0
48,2000-01,,12147,Matthew Nielsen,PF,26.0,29.0,11.28,,3.35,3.0
49,2000-01,,12139,Michael Hermon,SG-PG,29.0,33.0,11.79,,3.25,0.0
50,2000-01,,2072,Michael Redd,SG-SF,27.0,31.0,12.06,,3.34,12.0
51,2000-01,,2065,Mike Smith,SF,33.0,21.0,11.32,,3.22,12.0
52,2000-01,,12142,Nate Johnson,SF,27.0,33.5,11.9,,3.33,13.0
53,2000-01,,12146,Ndongo N'diaye,C,24.5,27.5,13.16,,3.69,4.0
54,2000-01,,12026,Nick Sheppard,PF-C,23.5,25.5,12.14,,3.52,18.0
55,2000-01,,12023,Pepe Sanchez,PG,26.0,31.0,11.62,,3.44,8.0
56,2000-01,,2087,Pete Mickeal,SG-SF,28.0,34.5,10.83,,3.06,8.0
57,2000-01,,2056,Primoz Brezec,C,26.0,29.5,11.53,,3.55,
58,2000-01,,12148,Reed Rawlings,SG-SF,28.5,33.5,11.1,,3.27,13.0
59,2000-01,,2110,Ron Hale,SG-SF,29.5,34.5,12.58,,3.2,11.0
60,2000-01,,12134,Schea Cotton,SF,34.0,38.0,11.55,,3.0,19.0
61,2000-01,,12140,Shaheen Holloway,PG,,,11.22,,3.32,6.0
62,2000-01,,2049,Speedy Claxton,PG,36.0,42.5,10.48,,3.06,6.0
63,2000-01,,2121,Terrance Roberson,SF,29.0,32.5,11.66,,,11.0
64,2000-01,,12018,Vassil Evtimov,PF,21.0,28.5,11.75,,3.52,13.0
65,2001-02,,12033,Adam Allenspach,C,28.5,31.0,11.9,,3.4,16.0
66,2001-02,,2228,Alton Ford,PF,34.5,36.5,11.7,,3.16,21.0
67,2001-02,,12155,Andre Hutson,PF,29.0,32.5,11.25,,3.3,17.0
68,2001-02,,12039,Anthony Evans,PF,31.5,33.0,12.56,,3.31,18.0
69,2001-02,,12150,Benjamin Eze,C-PF,29.0,32.0,13.05,,3.36,14.0
70,2001-02,,2250,Bobby Simmons,SF,27.5,34.0,11.69,,3.41,12.0
71,2001-02,,2220,Brandon Armstrong,SG,30.0,37.0,10.91,,3.2,6.0
72,2001-02,,2217,Brendan Haywood,C,27.0,28.5,12.87,,3.5,17.0
73,2001-02,,12040,Brent Wright,PF-SF,23.0,29.0,12.25,,3.3,19.0
74,2001-02,,2243,Brian Scalabrine,PF-SF,27.0,30.5,11.75,,3.47,14.0
75,2001-02,,12035,Calvin Bowman,PF,28.5,34.5,11.96,,3.21,7.0
76,2001-02,,12153,Charles Hathaway,C,,,,,,
77,2001-02,,2294,Charlie Bell,PG,31.5,38.0,10.59,,3.12,15.0
78,2001-02,,12034,Cookie Belcher,SG-PG,35.0,41.5,11.26,,2.91,7.0
79,2001-02,,2245,Damone Brown,SF,32.0,37.0,11.81,,3.27,6.0
80,2001-02,,12170,Damone Thornton,PF,33.5,37.5,11.17,,3.2,19.0
81,2001-02,,12157,Darrell Johns,C,23.5,30.0,12.41,,3.59,18.0
82,2001-02,,12158,Darren Kelly,SG-PG,30.5,34.5,11.38,,3.21,1.0
83,2001-02,,12161,DeMarcus Minor,SG,29.0,41.0,10.57,,3.15,9.0
84,2001-02,,2205,DeSagana Diop,C,21.5,25.5,12.37,,3.56,15.0
85,2001-02,,12165,Demetrius Porter,PG,26.0,31.0,11.5,,3.34,5.0
86,2001-02,,2248,Earl Watson,PG,32.5,37.5,10.97,,3.19,4.0
87,2001-02,,2204,Eddie Griffin,PF-SF,26.5,33.0,11.77,,3.21,3.0
88,2001-02,,2201,Eddy Curry,C,28.0,31.0,12.25,,3.53,16.0
89,2001-02,,2251,Eric Chenowith,C,23.5,27.5,12.5,,3.59,6.0
90,2001-02,,2240,Gilbert Arenas,SG,31.5,36.0,,,3.25,12.0
91,2001-02,,12169,Greg Stevenson,SF,30.0,35.5,11.29,,3.23,15.0
92,2001-02,,12036,Gyasi Cline-Heard,PF,31.5,34.5,11.4,,3.23,11.0
93,2001-02,,2798,Horace Jenkins,PG,34.5,41.0,10.97,,3.1,2.0
94,2001-02,,2224,Jamaal Tinsley,PG,28.0,37.5,11.96,,3.2,1.0
95,2001-02,,200081,Jamario Moon,SF,33.0,43.0,11.64,,3.08,0.0
96,2001-02,,2249,Jamison Brewer,PG,26.0,32.5,9.65,,3.15,12.0
97,2001-02,,2260,Jarron Collins,C-PF,23.0,29.0,11.65,,3.6,10.0
98,2001-02,,2215,Jason Collins,PF-C,25.5,28.5,12.1,,3.54,8.0
99,2001-02,,-1,Jason Gardner,PG,34.5,40.0,10.88,,2.92,9.0
100,2001-02,,2202,Jason Richardson,SF-SG,32.5,39.5,11.75,,3.12,15.0
101,2001-02,,12151,Jerry Green,PG-SG,28.5,35.0,11.7,,3.17,13.0
102,2001-02,,2219,Jeryl Sasser,PG-SG,29.0,34.0,11.47,,3.22,1.0
103,2001-02,,2207,Joe Johnson,SF-SG,32.5,36.5,12.05,,3.4,12.0
104,2001-02,,2218,Joseph Forte,SG,26.5,33.0,11.51,,3.19,10.0
105,2001-02,,2256,Ken Johnson,C,32.5,35.0,11.27,,3.12,13.0
106,2001-02,,12152,Kenny Gregory,SF,39.5,45.5,11.33,,3.1,10.0
107,2001-02,,12167,Kenny Satterfield,PG,28.5,33.0,12.05,,3.2,3.0
108,2001-02,,2386,Kimani Ffriend,C-PF,32.0,33.0,11.46,,3.09,9.0
109,2001-02,,2213,Kirk Haston,PF-SF,27.0,31.5,12.25,,3.35,11.0
110,2001-02,,2198,Kwame Brown,PF-C,30.0,33.0,11.59,,3.45,17.0
111,2001-02,,40046,Lazaros Papadopoulos,C-PF,23.0,26.0,12.0,,3.7,4.0
112,2001-02,,12168,Lee Scruggs,PF-SF,23.5,29.5,13.28,,3.55,0.0
113,2001-02,,2254,Loren Woods,C-PF,24.5,28.0,11.83,,3.48,10.0
114,2001-02,,12166,Martin Rancik,PF-SF,32.0,37.0,10.77,,3.19,14.0
115,2001-02,,2230,Maurice Evans,SG,34.5,37.5,10.08,,3.12,22.0
116,2001-02,,2214,Michael Bradley,PF,27.0,30.0,11.11,,3.35,13.0
117,2001-02,,12154,Michael Hicks,SG,33.0,40.5,11.38,,3.19,13.0
118,2001-02,,12041,Michael Wright,PF,27.5,33.5,11.37,,3.21,18.0
119,2001-02,,12160,Mike Mardesich,C-PF,24.0,30.0,11.65,,3.45,8.0
120,2001-02,,12156,Nate James,SF,26.0,31.0,11.42,,3.31,23.0
121,2001-02,,2369,Norman Richardson,SG,30.5,35.5,10.97,,3.15,2.0
122,2001-02,,2241,Omar Cook,PG,31.0,35.5,10.77,,3.2,9.0
123,2001-02,,12164,Rashad Phillips,PG,27.0,32.0,11.93,,3.27,5.0
124,2001-02,,2210,Richard Jefferson,SF,33.0,38.5,11.19,,3.15,14.0
125,2001-02,,12038,Robb Dryden,C,27.0,30.0,12.47,,3.46,8.0
126,2001-02,,2206,Rodney White,SF,27.5,33.0,12.07,,3.47,16.0
127,2001-02,,2257,Ruben Boumtje-Boumtje,C,26.5,31.0,11.84,,3.33,6.0
128,2001-02,,12032,Ryan Carroll,SF-SG,34.5,39.0,11.0,,3.1,14.0
129,2001-02,,2439,Sam Clancy,PF,31.0,34.0,11.47,,3.13,15.0
130,2001-02,,2253,Sean Lampley,SF,36.0,40.0,11.06,,3.12,12.0
131,2001-02,,2203,Shane Battier,SF-PF,29.5,33.0,10.95,,3.3,12.0
132,2001-02,,12031,SirValiant Brown,PG,31.0,39.5,11.23,,3.0,10.0
133,2001-02,,12172,Souleymane Wane,C,29.0,30.5,12.02,,3.46,9.0
134,2001-02,,2212,Steven Hunter,C-PF,30.5,38.5,11.99,,3.15,11.0
135,2001-02,,12037,Tate Decker,SF,25.5,28.5,12.19,,3.47,13.0
136,2001-02,,12171,Tory Walker,SF,28.0,33.0,11.95,,3.25,7.0
137,2001-02,,2239,Trenton Hassell,SG-SF,35.5,37.5,11.57,,3.29,12.0
138,2001-02,,2211,Troy Murphy,PF,28.5,34.5,11.22,,3.43,11.0
139,2001-02,,12162,Troy Ostler,PF-SF,26.5,29.5,13.42,,3.5,2.0
140,2001-02,,2199,Tyson Chandler,SF-PF,31.0,33.5,12.13,,3.36,2.0
141,2001-02,,2226,Will Solomon,PG-SG,28.5,35.0,11.3,,3.22,4.0
142,2001-02,,12159,Zach Marbury,PG-SG,33.0,36.5,11.53,,3.1,0.0
143,2002-03,,12056,Aaron McGhee,PF-SF,26.0,28.5,12.24,,,
144,2002-03,,2405,Amar'e Stoudemire,PF,32.0,35.5,11.19,,3.25,12.0
145,2002-03,,12046,Andy Ellis,PF,32.0,35.5,11.69,,3.34,6.0
146,2002-03,,101219,Anthony Grundy,PG-SG,27.5,32.0,11.1,,3.39,0.0
147,2002-03,,12288,Brian Brown,PG-SG,26.0,33.0,11.43,,3.29,8.0
148,2002-03,,12063,Brooks Sales,PF-C,26.0,29.5,11.05,,3.29,13.0
149,2002-03,,12058,Byron Mouton,SG-SF,24.0,30.0,11.84,,3.1,7.0
150,2002-03,,2430,Carlos Boozer,PF,26.5,28.5,10.77,,3.31,13.0
151,2002-03,,2406,Caron Butler,SF-SG,27.0,31.0,12.15,,3.33,2.0
152,2002-03,,12290,Chris Burgess,C,24.5,31.0,11.58,,3.37,24.0
153,2002-03,,12042,Chris Christoffersen,C,28.0,31.0,12.55,,3.39,13.0
154,2002-03,,-1,Chris Massie,PF,,,,,,
155,2002-03,,2442,Chris Owens,PF-SF,,,,,,10.0
156,2002-03,,2404,Chris Wilcox,PF-C,31.0,34.5,11.43,,3.16,20.0
157,2002-03,,12070,Cordell Henry,PG,33.0,37.5,11.3,,3.04,1.0
158,2002-03,,2451,Corsley Edwards,PF,28.5,33.0,12.18,,3.31,12.0
159,2002-03,,12044,Craig Dawson,SG-SF,26.0,30.0,12.06,,3.25,0.0
160,2002-03,,2414,Curtis Borchardt,C,24.0,27.0,12.56,,3.63,7.0
161,2002-03,,2402,Dajuan Wagner,PG-SG,28.0,35.0,12.03,,3.22,16.0
162,2002-03,,12068,Damon Hancock,SG-PG,32.0,35.0,11.62,,3.03,15.0
163,2002-03,,2443,Darius Songaila,PF,24.5,29.5,11.69,,3.52,8.0
164,2002-03,,12066,David Graves,SG,26.0,29.5,11.2,,3.27,8.0
165,2002-03,,2400,Drew Gooden,PF,29.0,33.0,11.81,,3.19,13.0
166,2002-03,,12057,Elvin Mims,SF-SG,32.0,38.0,11.17,,3.22,7.0
167,2002-03,,2421,Frank Williams,PG,26.0,31.0,11.73,,3.29,
168,2002-03,,2410,Fred Jones,SG,33.5,37.5,11.12,,3.13,
169,2002-03,,2465,George Williams,PF-SF,33.5,39.0,11.21,,3.24,11.0
170,2002-03,,12069,Greg Harrington,PG,28.5,34.0,12.06,,3.32,15.0
171,2002-03,,12055,Immanuel McElroy,SG,,,,,,9.0
172,2002-03,,12064,Israel Sheinfeld,PF-C,,,,,,8.0
173,2002-03,,2452,J.R. Bremer,SG-PG,30.0,35.5,10.93,,3.1,24.0
174,2002-03,,2457,Jannero Pargo,PG,25.5,29.5,11.11,,3.2,5.0
175,2002-03,,2407,Jared Jeffries,PF,26.0,30.0,11.73,,3.4,9.0
176,2002-03,,12049,Jason Jennings,C,29.0,32.0,11.92,,3.62,8.0
177,2002-03,,2398,Jay Williams,PG,28.5,36.0,10.34,,3.09,10.0
178,2002-03,,12297,Jobey Thomas,SG,26.0,32.0,11.46,,3.3,13.0
179,2002-03,,2422,John Salmons,SF-SG,30.5,34.5,11.35,,3.25,12.0
180,2002-03,,201324,Julian Sensley,PF-SF,27.5,31.5,11.85,,3.32,8.0
181,2002-03,,2416,Kareem Rush,SG-SF,26.0,30.0,11.86,,3.22,15.0
182,2002-03,,12054,Kei Madison,SF,27.5,34.5,11.74,,3.22,6.0
183,2002-03,,2677,Kevin Lyde,C-PF,27.5,30.5,12.97,,3.36,13.0
184,2002-03,,12051,Kris Lang,C-PF,28.0,29.0,11.36,,3.24,19.0
185,2002-03,,12287,Lee Benson,SF-PF,27.5,32.5,11.44,,3.29,14.0
186,2002-03,,12043,Lenny Cooke,SG-SF,,,,,,0.0
187,2002-03,,2495,Lonnie Jones,C-PF,30.5,31.5,11.8,,3.33,15.0
188,2002-03,,2437,Lonny Baxter,PF-C,28.0,32.5,11.77,,3.21,14.0
189,2002-03,,12286,Lubos Barton,SF-SG,25.5,31.5,11.2,,3.31,14.0
190,2002-03,,2458,Luke Recker,SG-SF,25.5,31.0,10.78,,3.27,13.0
191,2002-03,,2696,Lynn Greer,PG,29.5,36.5,11.24,,3.16,12.0
192,2002-03,,2409,Marcus Haislip,PF,33.5,36.5,11.35,,3.21,8.0
193,2002-03,,2445,Marcus Taylor,PG,27.5,33.5,11.25,,3.31,4.0
194,2002-03,,2435,Mario Kasun,C,,,,,,12.0
195,2002-03,,2440,Matt Barnes,SF,35.5,40.5,10.68,,3.28,11.0
196,2002-03,,2486,Maurice Baker,PG,29.5,33.0,12.19,,3.29,2.0
197,2002-03,,2408,Melvin Ely,PF,26.0,29.0,11.96,,3.35,7.0
198,2002-03,,2399,Mike Dunleavy,SF,24.5,29.0,11.55,,3.3,11.0
199,2002-03,,12291,Mire Chatman,PG-SG,29.0,33.0,11.12,,3.18,1.0
200,2002-03,,12052,Muhammed Lasege,C-PF,27.5,30.0,12.96,,3.29,18.0
201,2002-03,,2403,Nene ,PF,30.0,34.0,10.73,,3.19,16.0
202,2002-03,,12047,Peter Fehse,PF-C,,,,,,
203,2002-03,,2453,Predrag Savovic,SG,22.5,28.5,10.94,,3.38,13.0
204,2002-03,,12065,Preston Shumpert,SF,28.5,29.0,11.03,,3.24,9.0
205,2002-03,,2417,Qyntel Woods,SF-SG,33.5,34.5,11.94,,3.23,2.0
206,2002-03,,2450,Randy Holcomb,SF-PF,29.5,35.5,12.85,,3.22,15.0
207,2002-03,,2446,Rasual Butler,SF,31.5,37.5,11.54,,3.29,10.0
208,2002-03,,2501,Reggie Evans,PF,26.0,29.5,12.73,,3.26,15.0
209,2002-03,,2425,Robert Archibald,PF-C,24.0,27.5,11.34,,3.33,10.0
210,2002-03,,12067,Rod Grizzard,SF-SG,,,,,,6.0
211,2002-03,,12061,Rolan Roberts,PF,32.5,37.5,11.36,,3.33,16.0
212,2002-03,,2436,Ronald Murray,SG,31.0,36.5,11.13,,3.16,9.0
213,2002-03,,2415,Ryan Humphrey,PF-SF,31.5,37.5,11.75,,3.2,13.0
214,2002-03,,12050,Sean Kennedy,PG,22.5,26.5,11.64,,3.28,0.0
215,2002-03,,2470,Smush Parker,PG-SG,21.0,28.5,12.3,,3.26,1.0
216,2002-03,,12053,Steve Logan,PG,,,,,,11.0
217,2002-03,,12289,Sylvere Bryan,PF,28.5,29.5,12.03,,3.2,13.0
218,2002-03,,2447,Tamar Slay,SF,32.5,38.0,10.94,,3.09,11.0
219,2002-03,,12045,Teddy Dupay,PG,28.0,33.0,10.53,,3.19,16.0
220,2002-03,,2432,Tito Maddox,PG,27.0,32.5,12.2,,3.24,0.0
221,2002-03,,12062,Travis Robinson,SF,26.0,33.0,11.96,,3.43,3.0
222,2002-03,,12059,Uche Okafor,PF-C,24.5,25.0,14.45,,3.34,10.0
223,2002-03,,2617,Udonis Haslem,PF,28.5,33.5,11.8,,3.31,22.0
224,2002-03,,2428,Vincent Yarbrough,SF,30.0,34.0,11.7,,3.32,10.0
225,2003-04,,12075,Aleksander Djuric,C-PF,23.5,27.5,11.97,,3.65,3.0
226,2003-04,,200995,Aloysius Anagonye,PF,31.0,34.5,12.93,,3.3,6.0
227,2003-04,,12088,Bernard King,SG-PG,28.0,33.5,11.37,,3.18,11.0
228,2003-04,,2688,Brandin Knight,PG,,,,,,6.0
229,2003-04,,2599,Brandon Hunter,PF,32.5,35.0,11.13,,3.21,25.0
230,2003-04,,2567,Brian Cook,PF-SF,25.0,29.0,11.87,,3.45,6.0
231,2003-04,,2639,Britton Johnsen,SF-PF,26.5,32.5,10.67,,3.08,13.0
232,2003-04,,2606,Carl English,SG-PG,28.0,34.0,11.77,,3.32,11.0
233,2003-04,,2546,Carmelo Anthony,SF,30.5,33.5,11.4,,3.15,7.0
234,2003-04,,2547,Chris Bosh,PF,30.5,33.0,11.8,,3.3,9.0
235,2003-04,,2549,Chris Kaman,C-PF,23.5,30.5,11.33,,3.37,15.0
236,2003-04,,2658,Chris Marcus,C,,,,,,12.0
237,2003-04,,12090,Chris Massie,PF-C,26.5,33.0,12.48,,3.22,13.0
238,2003-04,,2563,Dahntay Jones,SG-SF,30.0,39.5,10.91,,3.11,
239,2003-04,,2545,Darko Milicic,PF,26.5,32.5,11.3,,3.36,13.0
240,2003-04,,2561,David West,PF-SF,28.5,31.5,12.18,,3.43,11.0
241,2003-04,,2583,Derrick Zimmerman,PG,34.0,40.5,11.09,,3.1,13.0
242,2003-04,,12089,Donald Little,PF-C,33.0,37.0,11.18,,3.2,18.0
243,2003-04,,12103,Doug Wrenn,SF-PF,34.5,41.0,11.38,,3.17,15.0
244,2003-04,,2548,Dwyane Wade,SG-SF,31.5,35.0,10.56,,3.08,9.0
245,2003-04,,12077,Ebi Ere,SG,29.5,33.5,11.38,,3.16,
246,2003-04,,12096,Hollis Price,PG-SG,27.5,33.0,10.72,,3.25,1.0
247,2003-04,,2592,James Jones,SF,30.5,33.0,11.18,,3.19,9.0
248,2003-04,,2591,James Lang,C-PF,24.5,32.0,14.01,,3.55,8.0
249,2003-04,,12079,Jason Gardner,PG,30.5,35.0,10.62,,3.17,10.0
250,2003-04,,2574,Jason Kapono,SG-SF,23.5,30.0,11.04,,3.38,8.0
251,2003-04,,12087,Jason Keep,C-PF,29.5,34.0,11.18,,3.3,27.0
252,2003-04,,12092,Jeff Newton,PF,27.5,34.0,11.18,,3.23,9.0
253,2003-04,,2651,Jermaine Boyette,PG-SG,29.0,35.5,11.2,,3.07,14.0
254,2003-04,,2602,Jerome Beasley,SF-PF,27.0,32.0,11.36,,3.25,10.0
255,2003-04,,12082,Jerry Holman,PF,33.0,37.5,11.54,,3.24,11.0
256,2003-04,,12097,Joe Shipp,SG,29.0,34.5,11.75,,3.2,17.0
257,2003-04,,12074,Joel Cornette,PF-SF,26.0,32.5,11.27,,3.14,13.0
258,2003-04,,2572,Josh Howard,SF-SG,33.0,36.5,10.89,,3.09,4.0
259,2003-04,,2694,Josh Powell,PF-SF,32.5,38.5,11.72,,3.2,15.0
260,2003-04,,12080,Justin Hamilton,PG-SG,30.0,37.5,11.18,,3.18,17.0
261,2003-04,,2586,Keith Bogans,SG,29.5,35.0,11.43,,3.25,10.0
262,2003-04,,2550,Kirk Hinrich,PG-SG,29.0,33.5,10.98,,3.1,10.0
263,2003-04,,2632,Kirk Penney,SG-SF,32.0,35.5,10.44,,3.04,15.0
264,2003-04,,2594,Kyle Korver,SF,25.5,31.5,11.42,,3.47,13.0
265,2003-04,,12073,LaVell Blanchard,SF,33.5,36.5,11.64,,3.38,12.0
266,2003-04,,2544,LeBron James,SF-SG,,,,,,
267,2003-04,,2557,Luke Ridnour,PG,26.0,32.5,11.0,,3.28,0.0
268,2003-04,,2575,Luke Walton,SF-PF,28.0,,,,,12.0
269,2003-04,,2618,Marcus Hatten,PG,29.5,37.5,11.5,,3.15,7.0
270,2003-04,,101248,Marlon Parmer,PG,28.0,32.0,,,3.42,13.0
271,2003-04,,2605,Marquis Daniels,SG-PG,30.5,35.0,11.62,,3.25,6.0
272,2003-04,,12078,Marquis Estill,PF-C,30.0,36.0,12.92,,3.31,7.0
273,2003-04,,12099,Marvin Stone,C-PF,25.5,27.5,12.1,,3.5,9.0
274,2003-04,,2588,Matt Bonner,PF-SF,27.0,32.0,11.52,,3.32,20.0
275,2003-04,,2679,Matt Carroll,SG-SF,29.0,33.5,11.11,,3.35,13.0
276,2003-04,,12085,Michael Ignerski,PF-SF,26.5,33.0,11.21,,3.13,10.0
277,2003-04,,2552,Michael Sweetney,PF,26.0,31.5,12.9,,3.28,3.0
278,2003-04,,2590,Mo Williams,PG-SG,,,,,,3.0
279,2003-04,,2555,Nick Collison,PF,28.0,33.0,11.62,,3.28,8.0
280,2003-04,,2750,Pavel Podkolzin,C,19.5,22.5,13.4,,3.8,5.0
281,2003-04,,12072,Rick Anderson,SF-PF,26.0,30.5,11.23,,3.4,6.0
282,2003-04,,12086,Robert Jackson,PF-C,23.5,26.0,11.26,,3.25,15.0
283,2003-04,,12098,Ron Slay,SF-PF,28.5,31.5,12.01,,3.43,10.0
284,2003-04,,2648,Ronald Dupree,SF-SG,37.5,41.5,11.09,,3.23,11.0
285,2003-04,,12076,Ruben Douglas,SG,28.5,35.0,11.95,,3.27,9.0
286,2003-04,,12083,Sam Hoskin,PF,,,,,,24.0
287,2003-04,,12084,Sani Ibrahim,C-PF,26.0,30.5,13.02,,3.4,12.0
288,2003-04,,2756,Sasha Vujacic,PG-SG,,,,,,0.0
289,2003-04,,12295,Souleymane Camara,PF-SF,28.5,34.5,11.51,,3.2,2.0
290,2003-04,,12095,Stephane Pelle,PF-SF,28.5,33.0,11.37,,3.27,17.0
291,2003-04,,2551,T.J. Ford,PG,32.5,39.5,11.45,,3.2,0.0
292,2003-04,,2604,Theron Smith,PF-SF,28.5,32.0,10.99,,3.1,25.0
293,2003-04,,2596,Tommy Smith,PF-SF,30.0,33.0,11.54,,3.14,2.0
294,2003-04,,2580,Travis Hansen,SG,31.5,35.0,10.72,,3.18,16.0
295,2003-04,,12081,Trevor Harvey,C-PF,29.5,32.0,11.85,,3.32,11.0
296,2003-04,,2559,Troy Bell,PG,34.5,41.0,10.89,,3.06,17.0
297,2003-04,,12093,Uche Nsonwu-Amadi,PF-C,27.5,29.0,11.83,,3.25,21.0
298,2003-04,,12094,Ugonna Okyekwe,SF,32.0,36.5,11.43,,3.2,8.0
299,2003-04,,12101,Wayne Wallace,PF,29.5,36.0,11.85,,3.24,6.0
300,2003-04,,12102,Wesley Wilson,C-PF,27.0,30.5,12.19,,3.3,20.0
301,2003-04,,12091,Will McDonald,C-PF,25.0,32.5,11.83,,3.42,17.0
302,2003-04,,2584,Willie Green,SG-PG,28.5,28.5,11.86,,3.19,13.0
303,2004-05,,12011,Aerick Sanders,PF,24.5,30.5,11.98,,3.37,9.0
304,2004-05,,2744,Al Jefferson,PF-SF,28.5,30.0,13.08,,3.29,3.0
305,2004-05,,12175,Aleksandar Capin,PG,23.0,29.0,11.5,,3.27,4.0
306,2004-05,,12176,Ales Chan,C,21.0,29.0,12.9,,3.62,2.0
307,2004-05,,2857,Andre Barrett,PG,29.0,34.5,10.63,,3.08,13.0
308,2004-05,,2810,Andre Brown,PF-C,32.0,35.5,11.7,,3.22,18.0
309,2004-05,,2765,Andre Emmett,SG-SF,,,,,,
310,2004-05,,2738,Andre Iguodala,SG-SF,30.5,34.5,11.17,,3.18,4.0
311,2004-05,,2740,Andris Biedrins,C,,,,,,
312,2004-05,,2766,Antonio Burks,PG,,,,,,9.0
313,2004-05,,2865,Arthur Johnson,PF-C,26.5,28.5,11.81,,3.38,14.0
314,2004-05,,2732,Ben Gordon,PG-SG,31.5,37.5,11.28,,3.19,12.0
315,2004-05,,2757,Beno Udrih,PG,,,,,,2.0
316,2004-05,,2774,Bernard Robinson,SG-SF,28.5,34.5,10.91,,3.17,14.0
317,2004-05,,12012,Blagota Sekulic,SF-PF,23.5,31.5,10.93,,3.39,8.0
318,2004-05,,12015,Blake Stepp,PG,,,,,,
319,2004-05,,101138,Brandon Bass,PF,31.5,33.0,11.61,,3.24,18.0
320,2004-05,,12173,Brian Boddicker,SF-PF,28.0,30.0,10.93,,3.25,16.0
321,2004-05,,12000,Bryant Matthews,SF-SG,29.0,34.5,11.08,,3.13,13.0
322,2004-05,,2768,Chris Duhon,PG,31.5,35.0,10.45,,3.14,7.0
323,2004-05,,12178,Chris Garnett,C-PF,27.0,31.5,11.75,,3.36,22.0
324,2004-05,,2863,Damien Wilkins,SG-SF,26.5,31.0,11.92,,3.15,15.0
325,2004-05,,2753,Delonte West,PG-SG,30.0,35.0,11.2,,3.15,12.0
326,2004-05,,2824,Desmon Farmer,SG,24.0,31.0,10.89,,3.2,12.0
327,2004-05,,2734,Devin Harris,PG,30.5,37.0,11.03,,3.19,5.0
328,2004-05,,-1,Drago Pasalic,PF,25.5,30.0,12.97,,3.56,8.0
329,2004-05,,2730,Dwight Howard,PF-C,30.5,35.5,11.21,,3.14,7.0
330,2004-05,,12007,Dylan Page,SF,26.0,30.0,10.99,,3.4,17.0
331,2004-05,,2731,Emeka Okafor,C-PF,31.5,34.0,12.32,,3.15,22.0
332,2004-05,,2845,Erik Daniels,SF-PF,31.0,32.0,11.38,,3.19,4.0
333,2004-05,,12182,Herve Lamizana,SF-PF,,,,,,
334,2004-05,,12181,Ivan Koljevic,PG,26.0,28.5,11.07,,3.28,4.0
335,2004-05,,2747,J.R. Smith,SG-SF,29.0,35.5,10.93,,3.21,5.0
336,2004-05,,2866,Jackie Butler,C,23.0,25.0,13.32,,3.4,14.0
337,2004-05,,2761,Jackson Vroman,PF-C,29.5,33.5,10.75,,3.25,12.0
338,2004-05,,12184,Jaime Lloreda,PF,25.5,29.5,12.93,,3.23,6.0
339,2004-05,,2749,Jameer Nelson,PG,28.5,33.5,10.95,,3.14,15.0
340,2004-05,,12002,James Moore,PF-SF,28.5,32.5,11.01,,3.21,
341,2004-05,,2876,Jared Reiner,C-PF,22.0,26.0,12.65,,3.56,15.0
342,2004-05,,2823,John Edwards,C,,,,,,15.0
343,2004-05,,2735,Josh Childress,SG-SF,29.0,36.0,11.95,,3.38,11.0
344,2004-05,,2746,Josh Smith,SG-SF,32.5,39.5,11.43,,3.24,12.0
345,2004-05,,12009,Kelvin Pena,SG-PG,27.5,32.5,11.5,,3.24,1.0
346,2004-05,,2745,Kirk Snyder,SG-SF,30.0,35.0,10.79,,3.13,19.0
347,2004-05,,2743,Kris Humphries,PF,29.5,36.0,11.33,,3.2,22.0
348,2004-05,,101160,Lawrence Roberts,PF,27.5,33.0,12.52,,3.3,18.0
349,2004-05,,2784,Luis Flores,PG-SG,29.0,32.0,10.97,,3.1,15.0
350,2004-05,,2739,Luke Jackson,SF-SG,26.5,36.0,11.1,,3.24,13.0
351,2004-05,,2736,Luol Deng,SF,27.5,31.5,11.46,,3.34,5.0
352,2004-05,,12177,Marcus Douthit,C-PF,25.5,31.5,11.64,,3.34,1.0
353,2004-05,,12001,Marcus Melvin,SF-PF,25.0,30.5,11.81,,3.33,11.0
354,2004-05,,12003,Marcus Moore,PG-SG,25.0,30.0,11.31,,3.34,
355,2004-05,,12296,Marko Tomas,SG-PG,32.0,31.5,11.8,,3.23,
356,2004-05,,12180,Martin Iti,C-PF,26.5,32.5,12.28,,3.41,13.0
357,2004-05,,2782,Matt Freije,SF-PF,29.5,31.0,11.15,,3.25,13.0
358,2004-05,,12004,Michel Morandais,SG-SF,30.5,33.5,11.45,,3.22,16.0
359,2004-05,,12292,Mike Williams,SF,23.5,27.5,11.59,,3.42,
360,2004-05,,12005,Misan Nikagbatse,SG-PG,27.5,32.5,11.27,,3.32,11.0
361,2004-05,,101126,Nate Robinson,PG,35.5,43.5,10.75,,2.96,13.0
362,2004-05,,12293,Nate Williams,PF-SF,23.5,26.0,12.6,,3.35,1.0
363,2004-05,,12010,Omar Quintero,PG,25.0,29.0,11.37,,3.25,2.0
364,2004-05,,2776,Pape Sow,PF-C,28.0,31.5,12.13,,3.27,18.0
365,2004-05,,2762,Peter Ramos,C,24.0,26.5,12.61,,3.6,2.0
366,2004-05,,12006,Randall Orr,PF-SF,26.5,33.0,11.18,,3.27,6.0
367,2004-05,,12294,Rashad Wright,PG,28.5,32.5,11.15,,3.28,10.0
368,2004-05,,2822,Rich Melzer,PF-SF,24.5,28.5,11.74,,3.39,8.0
369,2004-05,,12008,Rickey Paulding,SG,30.0,36.0,11.14,,3.17,17.0
370,2004-05,,2777,Ricky Minard,PG-SG,27.5,33.0,10.94,,3.1,13.0
371,2004-05,,12179,Rolando Howell,PF,28.5,34.5,11.91,,3.28,
372,2004-05,,2781,Romain Sato,SG,31.5,35.5,11.27,,3.18,8.0
373,2004-05,,101155,Ryan Gomes,SF-PF,26.5,30.5,12.49,,3.24,9.0
374,2004-05,,2778,Sergei Lishouk,PF-SF,,,,,,
375,2004-05,,2733,Shaun Livingston,PG-SG,26.5,30.0,10.72,,3.23,
376,2004-05,,200555,TJ Cummings,SF,27.0,31.0,11.58,,3.12,6.0
377,2004-05,,12014,Tiago Splitter,C-PF,26.0,31.5,11.65,,3.38,8.0
378,2004-05,,12174,Tim Bowers,PG-SG,37.0,43.5,11.24,,3.21,13.0
379,2004-05,,2773,Tim Pickett,PG-SG,,,,,,
380,2004-05,,12016,Tom Timmerrmans,PF-C,23.0,26.5,13.13,,3.63,15.0
381,2004-05,,2754,Tony Allen,SG,31.5,36.5,10.7,,3.19,17.0
382,2004-05,,2800,Tony Bobbitt,SG,,,,,,1.0
383,2004-05,,2772,Trevor Ariza,SG-SF,29.5,32.0,11.63,,3.29,8.0
384,2005-06,,101223,Aaron Miles,PG,32.0,37.5,10.69,,3.22,7.0
385,2005-06,,101187,Alan Anderson,SG-SF,26.5,30.5,10.32,,3.27,10.0
386,2005-06,,101165,Alex Acker,SG,28.0,32.0,11.67,,3.35,11.0
387,2005-06,,101106,Andrew Bogut,C-PF,27.5,33.5,12.06,,3.51,13.0
388,2005-06,,101194,Anthony Roberson,PG,31.5,37.0,11.17,,3.19,14.0
389,2005-06,,101120,Antoine Wright,SF-SG,26.5,29.5,11.45,,3.41,12.0
390,2005-06,,101152,Bracey Wright,SG-PG,30.0,36.0,11.58,,3.27,8.0
391,2005-06,,201575,Brandon Rush,SG-SF,32.5,35.0,11.33,,3.31,0.0
392,2005-06,,-1,Carl Krauser,PG-SG,26.0,31.0,11.62,,3.38,8.0
393,2005-06,,201225,Carlos Powell,SF-PF,27.5,34.5,11.54,,3.21,12.0
394,2005-06,,101112,Channing Frye,PF-C,27.5,31.0,11.6,,3.38,19.0
395,2005-06,,101236,Charles Hayes,SF-PF,30.0,33.0,10.7,,3.34,20.0
396,2005-06,,101111,Charlie Villanueva,PF-SF,26.0,31.0,10.86,,3.3,11.0
397,2005-06,,101108,Chris Paul,PG,32.0,38.0,11.09,,3.22,10.0
398,2005-06,,101147,Chris Taft,PF,28.5,33.0,11.26,,3.27,14.0
399,2005-06,,12122,Chris Thomas,PG,28.5,34.0,10.84,,3.33,14.0
400,2005-06,,12109,D'Or Fischer,C-PF,28.0,30.5,12.53,,3.5,2.0
401,2005-06,,101122,Danny Granger,,31.0,34.0,10.84,,3.34,10.0
402,2005-06,,12108,Daryl Dorsey,PG,25.0,30.5,11.41,,3.24,0.0
403,2005-06,,101135,David Lee,PF,30.5,32.5,10.8,,3.19,14.0
404,2005-06,,12114,David Lucas,PF,,,,,,17.0
405,2005-06,,12121,David Simon,C-PF,28.0,33.0,11.98,,3.44,18.0
406,2005-06,,200793,Dee Brown,PG-SG,,,,,,
407,2005-06,,101224,Deji Akindele,C-PF,30.5,32.5,12.58,,3.35,13.0
408,2005-06,,101184,Deng Gai,PF-C,31.5,35.5,12.51,,3.27,11.0
409,2005-06,,101114,Deron Williams,PG,30.0,35.0,10.83,,3.25,15.0
410,2005-06,,101159,Dijon Thompson,SF-SG,,,,,,
411,2005-06,,12118,Drago Pasalic,SF-PF,25.0,30.5,12.12,,3.48,11.0
412,2005-06,,101204,Dwayne Jones,C-PF,28.0,31.5,11.87,,3.25,15.0
413,2005-06,,101188,Eddie Basden,SG-SF,33.0,36.5,10.52,,3.21,14.0
414,2005-06,,12110,Eddy Fobbs,C-PF,29.5,34.0,11.53,,3.28,12.0
415,2005-06,,12116,Ellis Myles,PF,26.0,28.5,12.8,,3.42,15.0
416,2005-06,,101141,Ersan Ilyasova,SF,22.0,30.0,11.59,,3.56,2.0
417,2005-06,,101128,Francisco Garcia,SF-SG,27.5,31.5,10.63,,3.33,5.0
418,2005-06,,101123,Gerald Green,SF,31.5,39.0,11.2,,3.21,7.0
419,2005-06,,101124,Hakim Warrick,PF-SF,33.0,38.0,,,3.22,11.0
420,2005-06,,101113,Ike Diogu,PF,28.0,31.0,11.94,,3.45,21.0
421,2005-06,,200829,Ivan McFarlin,PF,26.5,32.0,10.64,,3.27,10.0
422,2005-06,,12112,Jared Homan,C-PF,,,,,,16.0
423,2005-06,,101127,Jarrett Jack,PG,26.0,28.5,10.87,,3.24,5.0
424,2005-06,,201318,Jason Klotz,C-PF,21.5,27.0,13.13,,3.68,12.0
425,2005-06,,101131,Jason Maxiell,PF,,,,,,
426,2005-06,,101214,Jawad Williams,SF,28.0,34.0,11.39,,3.23,15.0
427,2005-06,,101121,Joey Graham,SF,30.0,36.0,10.62,,3.05,26.0
428,2005-06,,12111,John Gilchrist,PG,30.5,36.5,11.48,,3.15,12.0
429,2005-06,,101249,John Lucas III,PG,29.0,34.0,10.44,,3.14,4.0
430,2005-06,,12115,Juan Mendez,PF-SF,29.0,33.0,11.7,,3.24,14.0
431,2005-06,,101125,Julius Hodge,SG-SF,24.5,29.0,10.89,,3.18,14.0
432,2005-06,,101247,Keith Langford,SG-SF,32.0,29.5,11.38,,3.23,8.0
433,2005-06,,200819,Kevin Pittsnogle,PF,,,,,,
434,2005-06,,12117,Larry O'Bannon,SG,31.5,36.5,11.44,,3.18,17.0
435,2005-06,,101195,Luke Schenscher,C,23.5,26.5,12.4,,3.47,1.0
436,2005-06,,101129,Luther Head,PG-SG,31.5,38.5,11.12,,3.21,14.0
437,2005-06,,101162,Marcin Gortat,PF-C,29.5,36.0,11.48,,3.33,18.0
438,2005-06,,12106,Marcus Campbell,C,,,,,,9.0
439,2005-06,,101110,Martell Webster,SF,28.0,30.5,11.39,,3.39,7.0
440,2005-06,,101149,Martynas Andriuskevicius,C-PF,24.0,27.5,11.94,,3.42,0.0
441,2005-06,,101107,Marvin Williams,PF-SF,29.5,35.0,11.11,,3.17,12.0
442,2005-06,,12105,Mike Bell,SF-PF,33.5,39.5,11.73,,3.29,13.0
443,2005-06,,12113,Mindaugas Katelynas,SF-PF,31.5,35.0,11.6,,3.38,7.0
444,2005-06,,101145,Monta Ellis,SG-PG,26.5,31.5,12.13,,3.31,0.0
445,2005-06,,200969,Mustafa Al-Sayyad,PF-C,26.5,30.5,11.56,,3.42,
446,2005-06,,12104,Nemanja Aleksandrov,PF-SF,,,,,,5.0
447,2005-06,,12119,Omar Thomas,SF-SG,25.0,29.5,11.11,,3.27,6.0
448,2005-06,,101119,Rashad McCants,SG,32.5,34.5,10.39,,3.11,15.0
449,2005-06,,101185,Rawle Marshall,SG-SF,30.5,37.0,11.64,,3.21,7.0
450,2005-06,,101109,Raymond Felton,PG,29.0,33.5,10.5,,3.06,6.0
451,2005-06,,101156,Robert Whaley,PF-C,28.5,33.5,12.11,,3.25,15.0
452,2005-06,,101232,Roger Powell,SF,,,,,,
453,2005-06,,101179,Ronnie Price,PG,31.5,39.0,10.49,,3.29,11.0
454,2005-06,,101142,Ronny Turiaf,PF,30.5,33.0,11.5,,3.23,15.0
455,2005-06,,201164,Rudy Fernandez,SG,26.5,35.5,10.48,,3.33,0.0
456,2005-06,,101252,Sean Banks,SF,25.0,31.5,11.74,,3.35,7.0
457,2005-06,,101118,Sean May,PF,30.0,33.0,11.04,,3.29,12.0
458,2005-06,,101213,Sharrod Ford,PF,28.5,37.0,11.92,,3.2,9.0
459,2005-06,,12107,Taylor Coppenrath,PF-SF,24.5,27.0,11.51,,3.44,5.0
460,2005-06,,101143,Travis Diener,PG-SG,24.5,31.0,10.85,,3.26,1.0
461,2005-06,,12120,Tre Simmons,SG-SF,27.0,31.5,10.8,,3.18,3.0
462,2005-06,,101134,Wayne Simien,PF,27.0,27.5,11.05,,3.35,11.0
463,2005-06,,101198,Will Bynum,PG-SG,33.0,40.5,11.12,,3.0,15.0
464,2005-06,,101215,Will Conroy,PG,30.5,36.5,10.51,,3.28,14.0
465,2006-07,,200747,Adam Morrison,SF,25.5,30.5,11.46,,3.37,11.0
466,2006-07,,200810,Allan Ray,SG,28.5,35.5,11.01,,3.2,9.0
467,2006-07,,201015,Antywane Robinson,SF-PF,29.0,32.5,11.73,,3.4,12.0
468,2006-07,,-1,Blake Schilb,PG-SG,28.5,34.5,11.25,,3.43,13.0
469,2006-07,,200784,Bobby Jones,SF-SG,28.5,34.5,11.23,,3.28,15.0
470,2006-07,,12125,Brad Buckman,PF,25.5,30.5,12.26,,3.54,10.0
471,2006-07,,200847,Brandon Bowman,SF,31.0,34.0,11.41,,3.31,24.0
472,2006-07,,200750,Brandon Roy,SG-SF,34.0,40.5,11.13,,3.27,6.0
473,2006-07,,201228,CJ Watson,PG,31.5,34.0,11.61,,3.15,12.0
474,2006-07,,12194,Carl Krauser,PG,26.0,31.0,11.62,,3.38,8.0
475,2006-07,,200759,Cedric Simmons,PF-C,30.5,35.0,11.05,,3.31,15.0
476,2006-07,,200840,Chris McCray,SG,30.5,39.0,11.46,,3.34,1.0
477,2006-07,,200809,Chris Quinn,PG-SG,32.0,37.0,11.25,,3.25,7.0
478,2006-07,,200783,Craig Smith,PF,30.0,29.5,11.59,,3.4,
479,2006-07,,201028,Curtis Stinson,SG,28.0,31.5,10.95,,3.27,17.0
480,2006-07,,202124,Curtis Withers,PF-SF,35.0,36.5,11.54,,3.1,14.0
481,2006-07,,12188,Dan Grunfeld,SF-SG,28.0,33.5,11.3,,3.46,16.0
482,2006-07,,200812,Daniel Horton,PG-SG,30.0,36.5,10.35,,3.16,17.0
483,2006-07,,12196,Danilo Pinnock,PG-SG,29.5,35.5,11.91,,3.08,7.0
484,2006-07,,200827,Darius Washington,PG,29.0,37.5,10.71,,3.26,9.0
485,2006-07,,200786,David Noel,SF-SG,34.5,38.5,10.54,,3.07,20.0
486,2006-07,,200787,Denham Brown,SG-SF,28.0,34.5,11.42,,3.25,12.0
487,2006-07,,201383,Dwayne Mitchell,SG-SF,37.5,41.5,11.45,,3.16,17.0
488,2006-07,,12190,Eric Hicks,PF,30.0,34.0,12.06,,3.34,20.0
489,2006-07,,12203,Eric Williams,C-PF,28.5,29.0,11.71,,3.56,17.0
490,2006-07,,12199,Frans Steyn,C,28.5,29.5,11.67,,3.38,
491,2006-07,,201019,Gerry McNamara,PG-SG,27.0,32.0,11.28,,3.4,3.0
492,2006-07,,200756,Hilton Armstrong,C-PF,28.5,31.5,12.28,,3.53,13.0
493,2006-07,,12201,Ian Vouyoukas,C-PF,23.0,28.0,13.7,,3.72,8.0
494,2006-07,,12124,J.P. Batista,PF,26.0,30.5,11.62,,3.38,26.0
495,2006-07,,200755,JJ Redick,SG,27.5,33.0,10.94,,3.29,6.0
496,2006-07,,200788,James Augustine,PF,30.0,32.5,10.54,,3.25,13.0
497,2006-07,,12200,Joah Tucker,SF-SG,29.0,34.0,11.58,,3.31,19.0
498,2006-07,,200770,Jordan Farmar,PG,33.5,42.0,11.07,,3.17,11.0
499,2006-07,,200818,Justin Williams,C-PF,26.5,31.5,11.9,,3.31,7.0
500,2006-07,,12123,Kenny Adeleke,PF-C,28.5,30.5,11.57,,3.47,26.0
501,2006-07,,12127,Keydren Clark,PG,31.0,34.0,11.03,,3.11,13.0
502,2006-07,,200746,LaMarcus Aldridge,PF-C,26.5,34.0,12.02,,3.43,8.0
503,2006-07,,200811,Lou Amundson,PF,32.0,35.5,10.58,,3.2,14.0
504,2006-07,,12193,Marco Killingsworth,PF,28.0,32.0,11.42,,3.34,13.0
505,2006-07,,201201,Marcus Slaughter,PF-SF,30.0,34.0,11.56,,3.4,9.0
506,2006-07,,200766,Marcus Williams,PG,24.5,28.0,11.3,,3.4,4.0
507,2006-07,,200776,Mardy Collins,PG-SG,31.5,37.5,12.0,,3.27,9.0
508,2006-07,,12189,Matt Haryasz,PF-C,27.5,31.5,11.34,,3.46,10.0
509,2006-07,,200772,Maurice Ager,SG-PG,29.5,35.0,11.73,,3.22,11.0
510,2006-07,,23033,Michael Southhall,C,31.5,37.0,12.29,,3.51,2.0
511,2006-07,,201165,Morris Almond,SG-SF,31.0,35.5,11.45,,3.19,13.0
512,2006-07,,200754,Mouhamed Sene,C,28.5,31.0,12.52,,3.38,7.0
513,2006-07,,12186,Nick George,SF-SG,30.5,38.0,11.69,,3.25,14.0
514,2006-07,,12126,Nik Caner-Medley,SF,28.5,35.5,10.57,,3.21,17.0
515,2006-07,,200753,Patrick O'Bryant,C,26.5,30.0,12.68,,3.63,13.0
516,2006-07,,200859,Paul Miller,PF-C,29.0,35.5,12.25,,3.66,25.0
517,2006-07,,200794,Paul Millsap,PF,28.5,32.5,11.67,,3.3,15.0
518,2006-07,,200822,Pops Mensah-Bonsu,PF-C,31.5,36.0,11.47,,3.29,19.0
519,2006-07,,200751,Randy Foye,SG-PG,32.0,38.0,10.53,,3.23,14.0
520,2006-07,,202151,Rashad Anderson,SG,27.5,32.5,11.77,,3.48,13.0
521,2006-07,,200764,Renaldo Balkman,SF-PF,30.5,35.0,11.58,,3.22,9.0
522,2006-07,,200760,Rodney Carney,SG-SF,32.0,38.5,10.57,,3.06,10.0
523,2006-07,,200758,Ronnie Brewer,SG-PG,35.0,41.0,11.32,,3.14,19.0
524,2006-07,,200752,Rudy Gay,SF-PF,33.0,40.5,11.03,,3.32,9.0
525,2006-07,,12130,Sean Dockery,PG-SG,29.0,33.0,10.88,,3.34,4.0
526,2006-07,,200761,Shawne Williams,SF-PF,32.0,31.0,10.69,,3.3,
527,2006-07,,200749,Shelden Williams,PF-C,29.0,33.5,11.53,,3.59,25.0
528,2006-07,,200780,Solomon Jones,PF-C,32.0,39.0,11.27,,3.3,6.0
529,2006-07,,200779,Steve Novak,SF,24.5,31.0,11.11,,3.37,5.0
530,2006-07,,200848,Steven Smith,SF-PF,29.5,34.5,12.08,,3.4,15.0
531,2006-07,,12187,Taj Gray,PF-SF,28.5,33.0,11.02,,3.45,10.0
532,2006-07,,12128,Taquan Dean,SG-PG,30.5,34.5,10.53,,3.2,16.0
533,2006-07,,200814,Tarence Kinsey,SF-SG,29.0,35.5,10.67,,3.3,5.0
534,2006-07,,12191,Tedric Hill,SF-PF,30.0,36.5,12.23,,3.24,1.0
535,2006-07,,12129,Terence Dials,PF-C,26.5,30.0,11.54,,3.5,16.0
536,2006-07,,12185,Torin Francis,PF-C,26.5,32.0,11.97,,3.51,9.0
537,2006-07,,200748,Tyrus Thomas,PF-SF,34.0,39.5,11.36,,3.2,8.0
538,2006-07,,12192,Viktor Keyru,SG-PG,29.0,34.5,11.4,,3.24,11.0
539,2006-07,,200807,Will Blalock,PG,35.0,40.0,11.08,,3.18,8.0
540,2006-07,,12195,Yemi Nicholson,PF-C,26.5,26.0,12.57,,3.65,8.0
541,2007-08,,201166,Aaron Brooks,PG,32.5,39.5,10.57,,3.2,6.0
542,2007-08,,201189,Aaron Gray,C,27.0,32.5,12.07,,3.7,17.0
543,2007-08,,201151,Acie Law,PG,29.0,34.0,11.0,,3.22,8.0
544,2007-08,,201143,Al Horford,PF,31.0,35.5,12.15,,3.37,20.0
545,2007-08,,201154,Al Thornton,SF,35.0,41.0,11.96,,3.16,9.0
546,2007-08,,12233,Ali Traore,C-PF,25.0,29.0,12.16,,3.52,11.0
547,2007-08,,12221,Antanas Kavaliauskas,PF,25.5,30.0,11.19,,3.42,19.0
548,2007-08,,201229,Anthony Tolliver,PF,28.5,30.0,11.49,,3.29,21.0
549,2007-08,,12237,Avis Wyatt,PF,27.5,32.0,11.46,,3.23,12.0
550,2007-08,,12228,Blake Schilb,SG,26.5,33.5,11.63,,3.36,11.0
551,2007-08,,201628,Bobby Brown,PG,32.5,41.0,11.27,,3.25,3.0
552,2007-08,,12224,Brad Newley,SG,29.5,31.5,11.77,,3.29,3.0
553,2007-08,,201148,Brandan Wright,PF,30.5,35.5,11.76,,3.31,2.0
554,2007-08,,12214,Brandon Heath,PG,32.0,36.0,11.39,,3.28,11.0
555,2007-08,,12212,Caleb Green,PF,28.5,36.0,11.72,,3.46,9.0
556,2007-08,,201171,Carl Landry,PF,31.5,36.5,11.35,,3.29,21.0
557,2007-08,,201858,Cartier Martin,SF,27.0,29.5,12.1,,3.43,11.0
558,2007-08,,201181,Chris Richard,PF,26.5,30.5,11.39,,3.29,15.0
559,2007-08,,201207,Coby Karl,SG-PG,32.0,34.5,11.57,,3.41,9.0
560,2007-08,,12207,Coleman Collins,PF,30.0,35.0,11.47,,,21.0
561,2007-08,,201147,Corey Brewer,SF-SG,30.5,36.5,11.69,,3.22,11.0
562,2007-08,,12206,Craig Bradshaw,PF,26.0,28.0,11.88,,3.54,12.0
563,2007-08,,12230,Curtis Sumpter,SF,27.5,32.5,11.3,,3.22,12.0
564,2007-08,,201199,DJ Strawberry,SG,28.5,35.0,10.87,,3.14,21.0
565,2007-08,,12236,DaShaun Wood,PG,31.5,34.5,11.4,,3.23,13.0
566,2007-08,,201161,Daequan Cook,SG,30.0,34.5,11.12,,3.22,4.0
567,2007-08,,201208,Darryl Watkins,C,26.5,31.0,11.65,,3.56,14.0
568,2007-08,,201193,Demetris Nichols,SF,28.5,32.5,10.39,,3.38,16.0
569,2007-08,,12219,Dominic James,PG,33.5,38.5,10.94,,3.11,14.0
570,2007-08,,201187,Dominic McGuire,SF,28.5,34.5,10.95,,3.25,12.0
571,2007-08,,12227,Dustin Salisbery,SG,34.0,38.0,11.07,,3.12,11.0
572,2007-08,,12218,Ekene Ibekwe,PF,34.5,39.0,11.0,,3.28,10.0
573,2007-08,,201141,Greg Oden,C,32.0,34.0,11.67,,3.27,
574,2007-08,,201195,Herbert Hill,C,30.5,34.0,12.31,,3.39,15.0
575,2007-08,,12225,Ivan Radenovic,PF,23.0,28.0,11.61,,3.6,7.0
576,2007-08,,12226,JR Reynolds,PG,27.5,34.5,11.69,,3.24,15.0
577,2007-08,,201249,Jamaal Tatum,PG,28.5,33.0,11.51,,3.22,7.0
578,2007-08,,12216,James Hughes,C,31.0,33.0,13.31,,3.37,8.0
579,2007-08,,201162,Jared Dudley,SF,28.0,32.0,11.32,,3.45,14.0
580,2007-08,,201185,Jared Jordan,PG,24.5,28.5,11.02,,3.39,6.0
581,2007-08,,201160,Jason Smith,PF,33.5,37.5,10.96,,3.29,15.0
582,2007-08,,201159,Javaris Crittenton,PG,32.5,38.0,11.6,,3.32,11.0
583,2007-08,,201145,Jeff Green,SF,33.5,38.0,12.0,,3.34,17.0
584,2007-08,,12217,Jeremy Hunt,SG,30.5,33.0,12.11,,3.29,10.0
585,2007-08,,201176,Jermareo Davidson,PF,27.0,30.0,12.63,,3.53,7.0
586,2007-08,,201146,Jianlian Yi,,,,,,,
587,2007-08,,201149,Joakim Noah,PF,32.5,37.5,11.79,,3.47,12.0
588,2007-08,,201177,Josh McRoberts,PF,27.5,31.5,11.7,,3.47,12.0
589,2007-08,,201153,Julian Wright,SF-PF,28.5,33.5,11.48,,3.36,2.0
590,2007-08,,12209,Justin Doellman,PF,,,,,,19.0
591,2007-08,,201142,Kevin Durant,SF-PF,26.0,33.5,12.33,,3.45,0.0
592,2007-08,,12234,Kyle Visser,C,26.0,29.0,12.6,,3.39,18.0
593,2007-08,,12235,Major Wingate,C,27.5,30.5,12.14,,3.47,15.0
594,2007-08,,12205,Mario Boggan,PF,24.0,26.5,12.18,,3.45,12.0
595,2007-08,,12222,Marko Lekic,C,24.0,30.5,11.96,,3.43,19.0
596,2007-08,,201144,Mike Conley,PG,35.5,40.5,11.63,,3.09,13.0
597,2007-08,,12204,Mohamed Abukar,SF,30.5,35.0,11.78,,3.37,15.0
598,2007-08,,201203,Mustafa Shakur,PG,28.5,35.0,11.82,,3.27,11.0
599,2007-08,,201156,Nick Young,SG-SF,39.5,40.5,11.0,,3.25,6.0
600,2007-08,,12215,Quinton Hosley,SF-SG,28.5,34.0,12.47,,3.32,12.0
601,2007-08,,201196,Ramon Sessions,PG,29.5,33.5,11.65,,3.27,8.0
602,2007-08,,12220,Rashad Jones-Jennings,PF,25.0,30.0,12.18,,3.29,20.0
603,2007-08,,12211,Rashaun Freeman,PF,28.0,32.0,11.43,,3.41,20.0
604,2007-08,,12229,Renaldas Seibutis,SG,24.0,32.5,11.33,,3.39,1.0
605,2007-08,,12232,Reyshawn Terry,SF,31.0,37.5,11.76,,3.26,18.0
606,2007-08,,201155,Rodney Stuckey,SG-PG,30.5,35.0,11.34,,3.11,14.0
607,2007-08,,12223,Ron Lewis,SG,33.0,38.0,11.59,,3.22,16.0
608,2007-08,,201469,Russell Carter,SG,33.0,38.5,11.61,,3.29,25.0
609,2007-08,,12208,Ryvon Covile,C-PF,25.0,30.5,12.52,,3.37,19.0
610,2007-08,,201197,Sammy Mejia,SG,27.0,31.5,11.87,,3.49,7.0
611,2007-08,,201150,Spencer Hawes,PF,26.0,29.0,11.88,,3.51,9.0
612,2007-08,,201186,Stephane Lasme,PF,29.5,36.0,11.73,,3.22,17.0
613,2007-08,,201192,Taurean Green,PG,29.0,32.5,11.3,,3.26,8.0
614,2007-08,,201152,Thaddeus Young,SF,34.5,37.0,11.06,,3.19,13.0
615,2007-08,,201234,Trey Johnson,SG,26.5,35.0,11.78,,3.31,18.0
616,2007-08,,201180,Yue Sun,SF,29.0,34.0,10.68,,3.45,9.0
617,2007-08,,12210,Zabian Dowdell,PG,30.0,33.5,11.13,,3.29,3.0
618,2008-09,,12262,Aleks Maric,C,23.0,28.0,11.76,,3.35,15.0
619,2008-09,,201576,Anthony Randolph,PF-SF,29.0,35.0,11.86,,3.26,7.0
620,2008-09,,12242,Brian Butch,C-PF,24.0,26.5,11.87,,3.52,9.0
621,2008-09,,12269,Brian Roberts,PG,31.5,36.5,10.65,,3.05,10.0
622,2008-09,,201572,Brook Lopez,C,27.5,30.5,12.77,,3.57,7.0
623,2008-09,,12272,Bryce Taylor,SG,34.5,41.0,11.08,,3.19,16.0
624,2008-09,,12268,Charles Rhodes,PF,26.5,33.5,11.51,,3.13,14.0
625,2008-09,,12246,Chris Daniels,C-PF,26.0,28.5,12.72,,3.56,11.0
626,2008-09,,201571,D.J. Augustin,PG,28.5,35.0,11.27,,3.07,2.0
627,2008-09,,201616,Darnell Jackson,PF,27.0,31.0,11.75,,3.26,11.0
628,2008-09,,201589,Darrell Arthur,PF,28.5,30.0,12.18,,3.14,12.0
629,2008-09,,201624,David Padgett,C-PF,24.0,28.0,12.45,,3.45,17.0
630,2008-09,,12257,Davon Jefferson,SF,27.0,32.0,12.02,,3.36,2.0
631,2008-09,,201599,DeAndre Jordan,C,26.0,30.5,12.3,,3.27,8.0
632,2008-09,,201634,DeMarcus Nelson,PG-SG,34.5,38.5,10.54,,3.13,19.0
633,2008-09,,201614,DeVon Hardin,C-PF,29.5,32.0,11.49,,3.33,20.0
634,2008-09,,201622,Deron Washington,SF,34.0,40.0,11.03,,3.09,7.0
635,2008-09,,201565,Derrick Rose,PG,34.5,40.0,11.69,,3.05,10.0
636,2008-09,,201590,Donte Greene,SF-PF,27.5,31.5,11.21,,3.2,2.0
637,2008-09,,12263,Drew Neitzel,PG,25.5,32.0,11.19,,3.2,10.0
638,2008-09,,201569,Eric Gordon,SG,32.0,40.0,10.81,,3.01,15.0
639,2008-09,,12249,Frank Elegar,PF,33.5,37.5,11.86,,3.17,11.0
640,2008-09,,201814,Gary Forbes,SG,27.5,33.5,11.45,,3.25,13.0
641,2008-09,,201588,George Hill,PG,34.0,37.5,12.2,,3.07,9.0
642,2008-09,,201592,J.R. Giddens,SG,,,,,,10.0
643,2008-09,,201580,JaVale McGee,C-PF,27.0,32.5,12.75,,3.25,7.0
644,2008-09,,12243,Jamar Butler,PG,,,,,,15.0
645,2008-09,,12251,James Gist,PF,30.5,35.0,11.37,,3.14,5.0
646,2008-09,,201651,James Mays,PF,29.5,35.0,11.23,,3.19,13.0
647,2008-09,,12264,Jeremy Pargo,PG,32.0,37.0,10.65,,3.07,7.0
648,2008-09,,201573,Jerryd Bayless,PG-SG,31.0,38.0,11.26,,3.07,10.0
649,2008-09,,12255,Jiri Hubalek,C-PF,20.5,26.0,12.26,,3.54,2.0
650,2008-09,,201570,Joe Alexander,SF-PF,32.5,38.5,11.33,,2.99,24.0
651,2008-09,,12245,Joe Crawford,SG,31.0,36.0,11.67,,3.22,13.0
652,2008-09,,201595,Joey Dorsey,PF-C,27.5,33.0,11.84,,3.2,19.0
653,2008-09,,12259,John Riek,C,,,,,,
654,2008-09,,12258,Joseph Jones,PF,25.5,31.0,11.61,,3.33,16.0
655,2008-09,,12248,Josh Duncan,PF,28.0,32.0,12.47,,3.26,26.0
656,2008-09,,201812,Keith Brumbaugh,SF-PF,26.0,27.0,11.65,,3.28,2.0
657,2008-09,,201863,Kentrell Gransberry,C,24.5,27.5,12.16,,3.32,18.0
658,2008-09,,201567,Kevin Love,PF,29.5,35.0,11.17,,3.22,18.0
659,2008-09,,12254,Kyle Hines,SF-PF,28.5,33.0,12.17,,3.4,16.0
660,2008-09,,201991,Lester Hudson,PG,30.5,36.0,11.15,,3.16,12.0
661,2008-09,,201848,Longar Longar,C,,,,,,14.0
662,2008-09,,201601,Luc Mbah a Moute,SF,32.0,38.5,11.71,,3.17,11.0
663,2008-09,,12261,Maarty Leunen,SF,29.5,34.5,11.57,,3.36,14.0
664,2008-09,,201612,Malik Hairston,SG,30.5,38.0,11.33,,3.08,13.0
665,2008-09,,12260,Marcelus Kemp,SG,26.0,30.0,11.79,,3.39,9.0
666,2008-09,,12247,Marcus Dove,SF-PF,27.5,33.5,11.59,,3.26,10.0
667,2008-09,,201872,Mark Tyndale,SG-SF,27.0,33.5,12.52,,3.14,5.0
668,2008-09,,201563,Michael Beasley,PF-SF,30.0,35.0,11.06,,3.24,19.0
669,2008-09,,201446,Mike Taylor,SG-PG,31.0,39.0,10.98,,3.08,2.0
670,2008-09,,201564,O.J. Mayo,SG-PG,30.5,41.0,11.04,,3.14,7.0
671,2008-09,,201629,Othello Hunter,PF-SF,28.0,34.5,11.51,,3.18,7.0
672,2008-09,,12244,Pat Calathes,SF-PF,,,,,,7.0
673,2008-09,,201607,Patrick Ewing Jr.,SF-PF,35.0,42.0,11.77,,3.43,2.0
674,2008-09,,12266,Quan Prowell,SF-PF,32.0,36.0,11.79,,3.14,16.0
675,2008-09,,12239,Ramel Bradley,PG-SG,24.5,29.5,10.68,,3.24,9.0
676,2008-09,,199,Reggie Williams,SG,31.5,36.5,11.32,,3.07,15.0
677,2008-09,,201613,Richard Hendrix,PF,26.5,28.0,10.62,,3.27,13.0
678,2008-09,,12270,Richard Roby,SG-SF,,,,,,
679,2008-09,,12273,Robert Vaden,SG,26.0,29.5,11.97,,3.4,10.0
680,2008-09,,12271,Ronald Steele,PG,25.0,29.5,11.08,,3.26,5.0
681,2008-09,,201781,Russell Robinson,PG,25.0,31.5,11.3,,3.15,8.0
682,2008-09,,201566,Russell Westbrook,PG,30.0,36.5,10.98,,3.08,12.0
683,2008-09,,12253,Sasha Kaun,C-PF,29.0,32.0,12.06,,3.2,13.0
684,2008-09,,201606,Sean Singletary,PG,26.0,,,,,18.0
685,2008-09,,12250,Shan Foster,SG,30.0,33.0,12.3,,3.24,10.0
686,2008-09,,12267,Shaun Pruitt,C-PF,27.0,32.5,11.3,,3.4,10.0
687,2008-09,,12256,Shawn James,PF,,,,,,6.0
688,2008-09,,201603,Sonny Weems,SG-SF,29.0,36.5,10.58,,2.96,12.0
689,2008-09,,201868,Stanley Burrell,PG,29.5,34.5,11.19,,3.19,21.0
690,2008-09,,12241,Takais Brown,PF,29.0,31.0,12.47,,3.25,22.0
691,2008-09,,12265,Trent Plaisted,PF,30.5,35.5,11.32,,3.17,14.0
692,2008-09,,12240,Tyrone Brazelton,PG,30.0,34.0,11.59,,3.25,8.0
693,2008-09,,12252,Vladimir Golubovic,C,21.5,27.0,12.4,,3.33,15.0
694,2009-10,,201985,A.J. Price,PG,26.0,31.0,10.99,,3.22,11.0
695,2009-10,,201948,Austin Daye,SF-PF,25.0,28.0,12.11,,3.55,0.0
696,2009-10,,201933,Blake Griffin,PF,32.0,35.5,10.95,,3.28,22.0
697,2009-10,,201957,Byron Mullens,C,28.5,32.5,11.1,,3.45,10.0
698,2009-10,,201978,Chase Budinger,SF-SG,29.5,38.5,11.08,,3.24,10.0
699,2009-10,,201969,DaJuan Summers,SF,29.5,34.5,10.94,,3.17,15.0
700,2009-10,,201980,Danny Green,SG-SF,29.0,33.0,11.3,,3.3,15.0
701,2009-10,,201967,Dante Cunningham,PF,28.0,35.0,11.18,,3.26,18.0
702,2009-10,,201954,Darren Collison,PG,30.5,33.5,10.45,,3.1,9.0
703,2009-10,,201971,DeJuan Blair,PF,26.0,33.0,11.5,,3.45,18.0
704,2009-10,,201942,DeMar DeRozan,SG-SF,29.0,38.5,11.88,,3.31,5.0
705,2009-10,,201960,DeMarre Carroll,PF-SF,,,,,,
706,2009-10,,201974,Derrick Brown,SF-PF,30.5,35.5,11.26,,3.13,20.0
707,2009-10,,12275,Dionte Christmas,SG,27.0,33.5,10.83,,3.21,3.0
708,2009-10,,201947,Earl Clark,SF-PF,28.5,33.0,11.17,,3.35,5.0
709,2009-10,,201953,Eric Maynor,PG,28.5,31.5,10.78,,3.19,8.0
710,2009-10,,201945,Gerald Henderson,SG-SF,31.5,35.0,11.17,,3.14,8.0
711,2009-10,,201934,Hasheem Thabeet,C,,,,,,
712,2009-10,,12282,Jack McClinton,SG-PG,30.0,36.5,10.44,,3.21,13.0
713,2009-10,,201935,James Harden,SG,31.5,37.0,11.1,,3.13,17.0
714,2009-10,,201949,James Johnson,SF-PF,30.5,35.0,11.21,,3.23,18.0
715,2009-10,,202399,Jeff Adrien,PF,27.5,31.5,11.34,,3.32,16.0
716,2009-10,,201965,Jeff Ayres,PF,31.0,35.0,11.98,,3.14,15.0
717,2009-10,,201952,Jeff Teague,PG,30.5,36.5,11.05,,3.18,13.0
718,2009-10,,12283,Jerel McNeal,SG,31.5,36.5,10.61,,3.25,10.0
719,2009-10,,201966,Jermaine Taylor,SG,34.0,37.5,11.54,,3.32,16.0
720,2009-10,,201975,Jodie Meeks,SG,28.5,37.0,10.96,,3.1,14.0
721,2009-10,,12279,Joe Ingles,SF,26.0,31.0,10.66,,3.3,3.0
722,2009-10,,201938,Jonny Flynn,PG,33.0,40.0,10.86,,3.23,10.0
723,2009-10,,201941,Jordan Hill,PF-C,31.0,35.0,12.23,,3.3,11.0
724,2009-10,,12278,Josh Heytvelt,PF-C,28.5,34.0,11.67,,3.38,15.0
725,2009-10,,201950,Jrue Holiday,PG-SG,28.5,34.0,10.64,,3.21,6.0
726,2009-10,,201977,Marcus Thornton,SG,31.0,33.0,10.73,,3.28,14.0
727,2009-10,,201956,Omri Casspi,SF,25.5,32.5,11.15,,3.28,2.0
728,2009-10,,201988,Patty Mills,PG,27.5,33.0,10.87,,3.1,8.0
729,2009-10,,201958,Rodrigue Beaubois,PG,29.5,39.0,10.49,,3.15,3.0
730,2009-10,,201970,Sam Young,SF-SG,27.5,33.0,11.47,,3.45,
731,2009-10,,201939,Stephen Curry,PG-SG,29.5,35.5,11.07,,3.28,10.0
732,2009-10,,201959,Taj Gibson,PF,25.5,30.0,11.56,,3.41,12.0
733,2009-10,,201944,Terrence Williams,SG-SF,30.5,37.0,11.15,,3.18,9.0
734,2009-10,,201962,Toney Douglas,PG,28.0,32.5,10.63,,3.03,15.0
735,2009-10,,201951,Ty Lawson,PG,29.0,36.5,10.98,,3.12,14.0
736,2009-10,,201946,Tyler Hansbrough,PF,27.5,34.0,11.12,,3.27,18.0
737,2009-10,,12284,Tyler Smith,SF,29.0,33.5,10.69,,3.24,10.0
738,2009-10,,201936,Tyreke Evans,PG-SG,28.5,34.0,11.81,,3.17,7.0
739,2009-10,,201961,Wayne Ellington,SG,31.5,38.0,11.14,,3.2,13.0
740,2010-11,,202329,Al-Farouq Aminu,SF,27.0,33.5,11.29,,3.3,13.0
741,2010-11,,202360,Andy Rautins,SG,23.5,30.5,11.27,,3.49,8.0
742,2010-11,,202356,Armon Johnson,PG-SG,31.5,38.5,11.25,,3.19,18.0
743,2010-11,,12334,Artsiom Parakhouski,C,25.5,26.5,12.07,,3.33,16.0
744,2010-11,,202340,Avery Bradley,SG-PG,31.5,37.5,11.47,,3.14,2.0
745,2010-11,,12317,Charles Garcia,SF,24.5,30.5,11.65,,3.23,2.0
746,2010-11,,202332,Cole Aldrich,C,23.0,28.0,11.48,,3.35,10.0
747,2010-11,,202342,Craig Brackins,PF-SF,26.0,35.0,11.65,,3.39,6.0
748,2010-11,,202345,Damion James,SF,29.0,33.0,10.89,,3.2,13.0
749,2010-11,,202350,Daniel Orton,C,24.0,30.5,12.32,,3.39,13.0
750,2010-11,,202359,Darington Hobson,SG-SF,29.0,34.0,11.68,,3.25,
751,2010-11,,202326,DeMarcus Cousins,C,23.5,27.5,11.4,,3.55,
752,2010-11,,202382,Derrick Caracter,PF,25.0,30.5,12.78,,3.61,22.0
753,2010-11,,202324,Derrick Favors,PF,31.5,35.5,11.74,,3.25,14.0
754,2010-11,,202365,Devin Ebanks,SF,23.5,32.0,11.69,,3.44,6.0
755,2010-11,,202354,Dexter Pittman,PF-C,,,,,,
756,2010-11,,202346,Dominique Jones,SG,26.0,32.5,10.88,,3.31,19.0
757,2010-11,,202334,Ed Davis,PF,31.0,36.0,11.7,,3.21,
758,2010-11,,202327,Ekpe Udoh,PF,31.0,33.5,11.15,,3.29,10.0
759,2010-11,,202339,Eric Bledsoe,PG,,,,,,9.0
760,2010-11,,202323,Evan Turner,SG,27.5,34.5,11.06,,3.27,9.0
761,2010-11,,202371,Gani Lawal,PF,27.0,31.5,11.61,,3.24,20.0
762,2010-11,,202330,Gordon Hayward,SF,30.5,34.5,11.73,,3.22,10.0
763,2010-11,,202328,Greg Monroe,PF-C,25.0,29.0,12.1,,3.35,15.0
764,2010-11,,202349,Greivis Vasquez,PG-SG,,,,,,
765,2010-11,,202355,Hassan Whiteside,C-PF,27.0,31.5,11.83,,3.54,12.0
766,2010-11,,202341,James Anderson,SF,30.0,35.5,11.86,,3.19,14.0
767,2010-11,,12346,Jarvis Varnado,PF-C,29.5,32.5,11.61,,3.37,3.0
768,2010-11,,12329,Jerome Jordan,C,,,,,,
769,2010-11,,202322,John Wall,PG,30.0,39.0,10.84,,3.14,
770,2010-11,,12341,Jon Scheyer,PG-SG,,,,,,
771,2010-11,,202348,Jordan Crawford,SG,31.5,34.5,11.03,,3.37,7.0
772,2010-11,,12316,Keith Gallon,PF-C,23.5,28.5,13.44,,3.7,14.0
773,2010-11,,202362,Lance Stephenson,SG,27.0,33.0,11.39,,3.38,10.0
774,2010-11,,202336,Larry Sanders,PF-C,25.5,28.0,12.49,,3.27,7.0
775,2010-11,,202351,Lazar Hayward,SG-SF,31.0,36.0,10.87,,3.31,15.0
776,2010-11,,202337,Luke Babbitt,SF-PF,29.5,37.5,10.98,,3.4,15.0
777,2010-11,,202376,Luke Harangody,PF,24.0,28.5,11.83,,3.41,23.0
778,2010-11,,202412,Manny Harris,SG,,,,,,11.0
779,2010-11,,12343,Mikhail Torrance,PG,23.0,32.0,11.43,,3.17,8.0
780,2010-11,,202335,Patrick Patterson,PF,28.5,33.5,11.14,,3.25,17.0
781,2010-11,,202331,Paul George,SF,,,,,,4.0
782,2010-11,,12338,Ryan Richards,PF,25.0,28.5,11.33,,3.37,4.0
783,2010-11,,202395,Sherron Collins,PG,27.5,33.0,12.31,,3.24,
784,2010-11,,202374,Solomon Alabi,C,22.5,26.0,13.2,,3.68,10.0
785,2010-11,,202383,Stanley Robinson,SF,,37.5,11.65,,3.23,6.0
786,2010-11,,12330,Sylven Landesberg,SG,28.0,32.0,11.59,,3.36,8.0
787,2010-11,,202358,Terrico White,SG-PG,31.0,40.0,11.38,,3.15,10.0
788,2010-11,,202344,Trevor Booker,PF,31.0,36.0,11.15,,3.1,22.0
789,2010-11,,202325,Wesley Johnson,SF,32.0,37.0,11.43,,3.14,16.0
790,2010-11,,202378,Willie Warren,SG-PG,23.0,31.5,11.21,,3.5,10.0
791,2010-11,,202333,Xavier Henry,SG,28.5,36.5,11.1,,3.18,8.0
792,2011-12,,202692,Alec Burks,SG,29.0,36.0,10.96,,3.17,5.0
793,2011-12,,202726,Andrew Goudelock,PG,32.5,37.0,10.33,,3.1,4.0
794,2011-12,,202688,Brandon Knight,PG,29.0,37.5,10.74,,3.07,10.0
795,2011-12,,202718,Chandler Parsons,SF,25.5,31.5,11.05,,3.29,4.0
796,2011-12,,202724,Charles Jenkins,PG-SG,29.5,34.0,11.68,,3.18,16.0
797,2011-12,,202698,Chris Singleton,SF,30.5,37.5,11.33,,3.09,15.0
798,2011-12,,202709,Cory Joseph,PG,27.5,35.0,10.75,,3.27,5.0
799,2011-12,,202721,Darius Morris,PG-SG,24.5,32.0,11.0,,3.2,12.0
800,2011-12,,12428,David Lighty,SG,28.5,33.0,10.81,,3.25,15.0
801,2011-12,,202732,DeAndre Liggins,SF-SG,27.0,31.0,,,3.33,6.0
802,2011-12,,12430,Demetri McCamey,PG,27.0,33.0,11.55,,3.19,
803,2011-12,,202682,Derrick Williams,PF-SF,29.0,34.5,11.03,,3.23,19.0
804,2011-12,,202734,E'Twaun Moore,SG,32.0,34.5,11.12,,3.31,
805,2011-12,,202683,Enes Kanter,PF-C,26.0,32.5,11.3,,3.26,14.0
806,2011-12,,12442,Gregory Smith,PF-C,29.5,36.0,12.43,,3.36,17.0
807,2011-12,,202697,Iman Shumpert,PG-SG,36.5,42.0,11.1,,3.18,18.0
808,2011-12,,202738,Isaiah Thomas,PG,31.5,40.0,10.49,,3.14,13.0
809,2011-12,,202707,JaJuan Johnson,PF,33.5,38.0,11.21,,3.14,15.0
810,2011-12,,12409,James Fredette,PG,28.0,33.0,10.42,,3.21,14.0
811,2011-12,,12441,Jamie Skeen,PF,26.0,30.5,12.43,,3.46,10.0
812,2011-12,,12436,Jereme Richmond,SF,27.0,33.5,11.74,,3.02,0.0
813,2011-12,,202719,Jeremy Tyler,PF-C,28.0,33.5,11.26,,3.29,10.0
814,2011-12,,202710,Jimmy Butler,SF,32.0,39.0,11.12,,3.15,14.0
815,2011-12,,202739,Jon Diebler,SG,28.0,35.0,10.94,,3.37,2.0
816,2011-12,,202720,Jon Leuer,PF,29.5,36.5,10.82,,3.36,14.0
817,2011-12,,202706,Jordan Hamilton,SF,25.0,32.0,11.47,,3.3,7.0
818,2011-12,,202716,Jordan Williams,PF,25.0,30.5,12.74,,3.45,10.0
819,2011-12,,202729,Josh Selby,SG-PG,29.5,42.0,11.13,,3.2,5.0
820,2011-12,,202712,Justin Harper,PF-SF,28.5,33.0,11.92,,3.3,19.0
821,2011-12,,202695,Kawhi Leonard,SF,25.5,32.0,11.45,,3.15,3.0
822,2011-12,,202728,Keith Benson,C-PF,31.5,36.0,11.88,,3.35,12.0
823,2011-12,,202689,Kemba Walker,PG,32.0,39.5,10.87,,3.16,7.0
824,2011-12,,202702,Kenneth Faried,PF,30.5,35.0,11.35,,3.26,16.0
825,2011-12,,202691,Klay Thompson,SG,26.5,31.5,10.99,,3.24,5.0
826,2011-12,,202713,Kyle Singler,SF,23.0,30.0,11.22,,3.21,10.0
827,2011-12,,202681,Kyrie Irving,PG,,,,,,
828,2011-12,,12407,LaceDarius Dunn,SG,26.5,31.0,11.45,,3.27,3.0
829,2011-12,,202723,Malcolm Lee,SG,30.0,35.5,11.2,,3.09,17.0
830,2011-12,,12445,Malcolm Thomas,PF,32.0,36.5,11.31,,3.29,3.0
831,2011-12,,202694,Marcus Morris,PF-SF,29.0,33.0,,,3.15,11.0
832,2011-12,,202693,Markieff Morris,PF,27.0,31.5,,,3.4,11.0
833,2011-12,,202705,Marshon Brooks,SG,34.0,38.5,10.74,,3.09,5.0
834,2011-12,,12406,Michael Dunigan,PF-C,29.5,34.5,11.85,,3.27,10.0
835,2011-12,,202696,Nikola Vucevic,PF-C,23.5,25.0,12.02,,3.27,8.0
836,2011-12,,202701,Nolan Smith,PG,28.5,34.0,11.05,,3.17,9.0
837,2011-12,,202708,Norris Cole,PG,29.5,38.5,10.07,,3.22,11.0
838,2011-12,,12417,Rick Jackson,PF,28.5,33.0,11.51,,3.26,9.0
839,2011-12,,12415,Scotty Hopson,SG,32.5,36.0,10.47,,3.18,10.0
840,2011-12,,202714,Shelvin Mack,PG,32.0,39.0,11.23,,3.18,17.0
841,2011-12,,202699,Tobias Harris,SF-PF,31.5,37.5,10.96,,3.17,12.0
842,2011-12,,202727,Travis Leslie,SG,33.0,40.5,11.0,,3.13,10.0
843,2011-12,,202717,Trey Thompkins,PF,27.5,30.5,11.72,,3.41,15.0
844,2011-12,,202684,Tristan Thompson,PF,30.0,35.0,10.92,,3.26,9.0
845,2011-12,,202715,Tyler Honeycutt,SF,30.0,37.0,11.68,,3.07,
846,2012-13,,203083,Andre Drummond,C,31.5,33.5,10.83,,3.39,10.0
847,2012-13,,203094,Andrew Nicholson,PF,28.5,30.5,11.89,,3.67,10.0
848,2012-13,,203076,Anthony Davis,PF-C,,,,,,
849,2012-13,,203102,Arnett Moultrie,PF,33.5,37.5,11.32,,3.22,10.0
850,2012-13,,203085,Austin Rivers,SG-PG,32.5,37.5,11.54,,3.32,1.0
851,2012-13,,203108,Bernard James,PF,30.0,32.5,11.84,,3.4,6.0
852,2012-13,,203078,Bradley Beal,SG,33.0,39.0,10.95,,3.28,8.0
853,2012-13,,203081,Damian Lillard,PG,34.5,39.5,11.15,,3.34,13.0
854,2012-13,,203130,Darius Johnson-Odom,SG,33.5,41.5,10.76,,3.21,17.0
855,2012-13,,203121,Darius Miller,SF-SG,33.0,37.0,11.34,,3.31,14.0
856,2012-13,,203079,Dion Waiters,SG,,,,,,
857,2012-13,,203117,Doron Lamb,SG-PG,29.0,33.5,11.12,,3.41,2.0
858,2012-13,,203110,Draymond Green,PF-SF,28.0,33.0,11.01,,3.4,9.0
859,2012-13,,12467,Drew Gordon,PF,29.0,34.0,11.35,,3.49,10.0
860,2012-13,,203097,Fab Melo,C,29.5,31.0,12.14,,3.44,9.0
861,2012-13,,203105,Festus Ezeli,C-PF,34.0,33.5,12.35,,3.29,18.0
862,2012-13,,203084,Harrison Barnes,SF-SG,38.0,39.5,10.93,,3.16,15.0
863,2012-13,,203156,Henry Sims,C-PF,26.5,29.5,12.33,,3.44,7.0
864,2012-13,,203138,Hollis Thompson,SF,28.5,36.5,11.72,,3.38,6.0
865,2012-13,,12458,J'Covan Brown,PG,26.0,29.5,11.68,,3.47,3.0
866,2012-13,,203254,JaMychal Green,PF,29.5,32.5,10.63,,3.38,19.0
867,2012-13,,203109,Jae Crowder,SF,31.0,34.5,11.45,,3.37,20.0
868,2012-13,,203099,Jared Cunningham,SG-PG,,,,,,4.0
869,2012-13,,203096,Jared Sullinger,PF,29.5,31.0,12.77,,3.81,9.0
870,2012-13,,203106,Jeff Taylor,SF-SG,33.5,40.0,10.87,,3.29,15.0
871,2012-13,,203087,Jeremy Lamb,SG,31.5,38.0,10.98,,3.25,5.0
872,2012-13,,203089,John Henson,PF,25.5,30.0,,,,5.0
873,2012-13,,203098,John Jenkins,SG,30.5,36.5,11.36,,3.37,10.0
874,2012-13,,12507,Jordan Taylor,PG,33.0,36.5,10.57,,3.19,14.0
875,2012-13,,203088,Kendall Marshall,PG,31.0,37.0,12.03,,3.23,
876,2012-13,,203158,Kevin Jones,PF,27.5,32.5,11.94,,3.6,17.0
877,2012-13,,203122,Kevin Murphy,SG,31.0,36.5,10.97,,3.42,11.0
878,2012-13,,203114,Khris Middleton,SF,28.0,31.0,11.45,,3.47,4.0
879,2012-13,,203119,Kim English,SG,29.0,36.5,10.59,,3.33,
880,2012-13,,203126,Kris Joseph,SG,28.5,35.0,,,3.46,6.0
881,2012-13,,203124,Kyle O'Quinn,PF,31.5,31.5,11.65,,3.53,
882,2012-13,,203134,Marcus Denmon,SG,33.5,40.0,10.82,,3.19,8.0
883,2012-13,,203104,Marquis Teague,PG,32.5,40.5,10.65,,3.19,8.0
884,2012-13,,203090,Maurice Harkless,SF,32.5,37.0,10.87,,3.25,5.0
885,2012-13,,203086,Meyers Leonard,C,30.0,32.5,11.34,,3.41,19.0
886,2012-13,,203077,Michael Kidd-Gilchrist,SF,32.0,35.5,11.77,,3.18,6.0
887,2012-13,,203118,Mike Scott,PF,27.0,32.5,11.59,,3.44,14.0
888,2012-13,,203101,Miles Plumlee,PF-C,34.0,40.5,10.64,,3.36,15.0
889,2012-13,,203111,Orlando Johnson,SG,32.0,39.5,10.98,,3.25,13.0
890,2012-13,,203103,Perry Jones,PF-SF,33.0,38.5,11.31,,3.19,11.0
891,2012-13,,203112,Quincy Acy,PF,32.0,37.0,10.48,,3.28,13.0
892,2012-13,,203113,Quincy Miller,SF,30.5,36.0,11.05,,3.48,8.0
893,2012-13,,203133,Robbie Hummel,SF,27.5,30.0,11.56,,3.41,13.0
894,2012-13,,203091,Royce White,PF,,,,,,
895,2012-13,,203159,Scott Machado,PG,27.0,32.5,11.26,,3.3,17.0
896,2012-13,,203093,Terrence Jones,PF-SF,29.5,34.5,11.57,,3.4,12.0
897,2012-13,,203082,Terrence Ross,SG-SF,31.0,37.5,11.78,,3.28,2.0
898,2012-13,,203080,Thomas Robinson,PF,28.5,35.5,11.96,,3.17,15.0
899,2012-13,,203107,Tomas Satoransky,PG-SG,,,,,,
900,2012-13,,203183,Tony Mitchell,SG,31.5,40.0,11.72,,3.47,14.0
901,2012-13,,203100,Tony Wroten,PG,30.0,35.5,10.75,,3.24,0.0
902,2012-13,,203189,Tu Holloway,PG,28.0,35.0,11.0,,3.42,12.0
903,2012-13,,203092,Tyler Zeller,PF-C,30.0,34.0,11.13,,3.4,16.0
904,2012-13,,203116,Tyshawn Taylor,PG,32.0,36.5,11.48,,3.2,0.0
905,2012-13,,203115,Will Barton,SG-SF,30.0,34.0,12.5,,3.6,0.0
906,2012-13,,203733,William Buford,SG-SF,27.5,32.5,11.4,,3.43,8.0
907,2013-14,,203519,Adonis Thomas,SF,34.5,40.5,11.64,3.11,3.32,13.0
908,2013-14,,203458,Alex Len,C,,,,,,
909,2013-14,,203459,Allen Crabbe,SG,30.5,36.0,10.67,3.1,3.32,10.0
910,2013-14,,203460,Andre Roberson,PF-SF,30.0,36.5,11.36,3.02,3.34,10.0
911,2013-14,,203462,Archie Goodwin,SG,30.0,36.0,10.75,3.41,3.27,1.0
912,2013-14,,203523,BJ Young,SG-PG,,,,,,
913,2013-14,,203463,Ben McLemore,SG,32.5,42.0,11.87,3.11,3.27,6.0
914,2013-14,,203561,Brandon Davies,PF,26.0,31.5,11.22,3.14,3.5,7.0
915,2013-14,,203464,Brandon Paul,SG,33.5,39.5,11.16,2.9,3.37,15.0
916,2013-14,,203466,CJ Leslie,PF-SF,32.5,40.5,10.19,2.79,3.1,
917,2013-14,,203468,CJ McCollum,PG-SG,32.0,38.5,11.02,2.91,3.32,13.0
918,2013-14,,203467,Carrick Felix,SF-SG,32.0,38.5,11.16,3.09,3.25,15.0
919,2013-14,,203469,Cody Zeller,C-PF,35.5,37.5,10.82,2.69,3.15,17.0
920,2013-14,,203470,Colton Iverson,C,26.5,30.0,11.52,3.04,3.52,12.0
921,2013-14,,203471,Dennis Schroder,PG,30.0,34.0,11.09,2.86,3.21,1.0
922,2013-14,,203472,Deshaun Thomas,SF,28.5,32.0,12.94,3.38,3.53,5.0
923,2013-14,,203473,Dewayne Dedmon,C,28.0,32.5,12.75,3.26,3.4,8.0
924,2013-14,,203475,Erick Green,PG,,,,,,5.0
925,2013-14,,203513,Erik Murphy,PF,24.5,29.5,12.19,2.96,3.57,13.0
926,2013-14,,203318,Glen Rice,SF-SG,33.0,40.5,10.99,3.08,3.25,10.0
927,2013-14,,203476,Gorgui Dieng,C,,,,,,
928,2013-14,,203511,Grant Jerrett,PF,28.5,34.0,11.85,3.23,3.51,2.0
929,2013-14,,203477,Isaiah Canaan,PG,33.0,40.5,10.98,2.89,3.22,16.0
930,2013-14,,203478,Jackie Carmichael,PF,30.0,32.0,11.83,3.07,3.35,13.0
931,2013-14,,203479,Jamaal Franklin,SG-SF,,,,,,
932,2013-14,,203516,James Ennis,SF,29.5,36.5,11.55,3.06,3.4,7.0
933,2013-14,,203480,James Southerland,SF-PF,29.0,32.0,10.9,3.03,3.38,5.0
934,2013-14,,203481,Jeff Withey,C,26.5,29.0,12.49,3.29,3.47,10.0
935,2013-14,,203482,Kelly Olynyk,PF-C,24.5,29.5,11.42,2.99,3.59,5.0
936,2013-14,,203483,Kenny Kadji,PF-C,34.0,38.0,11.47,2.88,3.44,9.0
937,2013-14,,203484,Kentavious Caldwell-Pope,SG,29.0,34.5,10.6,3.2,3.12,7.0
938,2013-14,,203485,Lorenzo Brown,PG,28.0,34.0,11.78,3.24,3.4,8.0
939,2013-14,,203486,Mason Plumlee,C-PF,30.5,36.0,10.89,2.76,3.29,14.0
940,2013-14,,203487,Michael Carter-Williams,PG,31.5,41.0,10.68,3.7,3.22,8.0
941,2013-14,,203488,Mike Muscala,C-PF,28.0,33.5,11.76,2.99,3.44,5.0
942,2013-14,,203509,Myck Kabongo,PG,27.5,33.5,10.64,2.86,3.44,2.0
943,2013-14,,203489,Nate Wolters,PG,,,,,,8.0
944,2013-14,,203457,Nerlens Noel,C,,,,,,
945,2013-14,,203658,Norvel Pelle,PF-C,31.0,34.5,11.49,3.2,3.32,0.0
946,2013-14,,203490,Otto Porter,SF,27.0,36.0,11.25,3.06,3.4,9.0
947,2013-14,,203491,Peyton Siva,PG,33.5,41.5,10.59,2.93,3.16,15.0
948,2013-14,,203515,Phil Pressey,PG,33.0,38.5,10.86,3.02,3.13,7.0
949,2013-14,,203510,Pierre Jackson,PG,,,,,,
950,2013-14,,203492,Ray McCallum,PG,30.5,40.0,10.82,3.08,3.25,5.0
951,2013-14,,203493,Reggie Bullock,SG-SF,31.0,36.5,11.33,3.3,3.31,11.0
952,2013-14,,203494,Richard Howell,PF,,,,,,
953,2013-14,,203495,Ricky Ledo,SG,27.0,33.5,10.72,3.16,3.32,4.0
954,2013-14,,203496,Robert Covington,SF-PF,29.5,36.0,11.69,3.1,3.34,9.0
955,2013-14,,203497,Rudy Gobert,C,25.0,29.0,12.85,3.19,3.57,7.0
956,2013-14,,203527,Ryan Kelly,PF,,,,,,
957,2013-14,,203552,Seth Curry,SG,,,,,,
958,2013-14,,203498,Shabazz Muhammad,SF-SG,29.5,37.0,10.99,2.93,3.32,10.0
959,2013-14,,203499,Shane Larkin,PG,34.5,44.0,10.64,3.03,3.08,12.0
960,2013-14,,203524,Solomon Hill,SF,29.5,37.5,10.77,2.91,3.19,14.0
961,2013-14,,203500,Steven Adams,C,28.5,33.0,11.85,3.02,3.4,16.0
962,2013-14,,203501,Tim Hardaway Jr.,SG,31.5,37.5,10.68,2.93,3.25,16.0
963,2013-14,,203502,Tony Mitchell,PF-SF,33.5,38.0,11.82,3.25,3.52,13.0
964,2013-14,,203503,Tony Snell,SF-SG,30.0,36.5,11.36,2.84,3.25,7.0
965,2013-14,,203522,Trevor Mbakwe,PF,30.0,36.5,12.01,2.97,3.32,21.0
966,2013-14,,203504,Trey Burke,PG,29.5,36.5,11.2,3.01,3.16,3.0
967,2013-14,,203505,Vander Blue,SG,28.0,37.5,10.4,2.7,3.14,4.0
968,2013-14,,203506,Victor Oladipo,SG,33.0,42.0,10.69,3.14,3.25,15.0
969,2013-14,,12524,Will Clyburn,SF-SG,28.0,34.5,11.68,3.12,3.38,3.0
970,2014-15,14013,203905,Aaron Craft,PG,29.0,32.0,10.78,2.9,3.26,
971,2014-15,14022,203932,Aaron Gordon,PF,32.5,39.0,10.81,2.76,3.27,
972,2014-15,14044,203940,Adreian Payne,PF,,,,,,
973,2014-15,14062,203938,Alec Brown,PF,27.0,30.0,12.05,2.91,3.48,
974,2014-15,14032,203945,Alex Kirk,PF,28.5,31.5,11.2,3.19,3.48,
975,2014-15,14021,203927,C.J. Fair,SF,27.0,35.0,11.0,3.06,3.32,
976,2014-15,14058,203912,C.J. Wilcox,SG,31.0,37.5,11.3,2.92,3.22,
977,2014-15,14005,203946,Cameron Bairstow,PF,31.0,33.5,11.39,3.09,3.37,
978,2014-15,14016,203921,Cleanthony Early,SF,34.0,40.0,11.15,2.96,3.18,
979,2014-15,14028,203928,Cory Jefferson,PF,33.0,37.5,12.63,3.39,3.36,
980,2014-15,14020,203957,Dante Exum,SG,31.5,34.5,10.75,2.88,3.19,
981,2014-15,14014,203908,DeAndre Daniels,SF,26.5,32.0,11.46,3.04,3.44,
982,2014-15,14009,203907,Deonte Burton,PG,29.0,39.5,11.28,3.08,3.28,
983,2014-15,14034,203906,Devyn Marble,SG,29.0,35.0,11.32,3.08,3.28,
984,2014-15,14036,203926,Doug McDermott,SF,28.5,36.5,11.1,3.15,3.29,
985,2014-15,14046,203939,Dwight Powell,PF,28.5,35.0,11.28,2.88,3.2,
986,2014-15,14045,203901,Elfrid Payton,PG,31.5,35.5,11.06,2.92,3.23,
987,2014-15,14025,203914,Gary Harris,SG,,,,,,
988,2014-15,14048,203922,Glenn Robinson III,SF,36.5,41.5,11.22,3.04,3.15,
989,2014-15,14007,203913,Jabari Brown,SG,28.0,32.0,11.6,3.26,3.5,
990,2014-15,14039,203949,James McAdoo,PF,29.5,34.0,11.61,2.91,3.28,
991,2014-15,14059,203923,James Young,SG,28.0,35.5,,,,
992,2014-15,14053,203950,Jarnell Stokes,PF,31.0,36.0,11.92,3.2,3.26,
993,2014-15,14023,203924,Jerami Grant,SF,,,,,,
994,2014-15,14026,203925,Joe Harris,SG,28.5,33.5,11.11,2.92,3.31,
995,2014-15,14041,203948,Johnny O?Bryant III,PF,31.0,35.5,11.57,3.32,3.45,
996,2014-15,14000,203919,Jordan Adams,SG,24.5,29.5,12.13,3.05,3.5,
997,2014-15,14004,203947,Jordan Bachynski,PF,29.0,33.0,12.15,3.03,3.36,
998,2014-15,14012,203903,Jordan Clarkson,PG,33.0,38.5,10.76,2.98,3.28,
999,2014-15,14038,203895,Jordan McRae,SG,27.5,34.5,11.07,3.15,3.39,
1000,2014-15,14047,203944,Julius Randle,PF,29.0,35.5,11.45,3.14,3.27,
1001,2014-15,14035,203909,K.J. McDaniels,SF,33.0,37.0,12.71,3.2,3.1,
1002,2014-15,14061,203899,Kendall Williams,PG,27.0,33.0,10.83,2.85,,
1003,2014-15,14006,203920,Khem Birch,PF,30.5,35.5,11.6,3.24,3.26,
1004,2014-15,14001,203937,Kyle Anderson,SF,,,,,,
1005,2014-15,14049,203941,LaQuinton Ross,SF,25.0,31.0,11.97,3.52,3.44,
1006,2014-15,14043,203934,Lamar Patterson,SG,27.5,32.5,11.63,3.13,3.45,
1007,2014-15,14050,203935,Marcus Smart,PG,33.0,36.0,10.82,2.96,3.26,
1008,2014-15,14008,203900,Markel Brown,SG,36.5,43.5,12.62,2.9,3.18,
1009,2014-15,14017,203929,Melvin Ejim,SF,29.5,35.0,11.55,3.12,3.14,
1010,2014-15,14029,203910,Nick Johnson,SG,33.5,41.5,10.8,2.95,3.27,
1011,2014-15,14052,203917,Nik Stauskas,SG,29.0,35.5,10.79,2.92,3.27,
1012,2014-15,14055,203943,Noah Vonleh,PF,31.0,37.0,11.45,3.29,3.28,
1013,2014-15,14024,203798,P.J. Hairston,SG,32.0,37.0,11.12,,3.32,
1014,2014-15,14060,203942,Patric Young,PF,32.0,37.5,11.18,3.06,3.43,
1015,2014-15,14027,203918,Rodney Hood,SF,29.0,36.0,11.21,3.14,3.38,
1016,2014-15,14051,203893,Russ Smith,PG,29.5,34.0,11.57,3.01,3.27,
1017,2014-15,14031,203930,Sean Kilpatrick,SG,,,,,,
1018,2014-15,14011,203902,Semaj Christon,PG,30.5,36.5,11.55,3.21,3.32,
1019,2014-15,14040,203894,Shabazz Napier,PG,30.5,37.5,11.6,3.13,3.2,
1020,2014-15,14015,203915,Spencer Dinwiddie,PG,,,,,,
1021,2014-15,14056,203933,T.J. Warren,SF,27.0,35.5,11.1,3.04,3.26,
1022,2014-15,14002,203648,Thanasis Antetokounmpo,SF,31.5,39.5,11.39,3.05,3.18,
1023,2014-15,14019,203898,Tyler Ennis,PG,29.0,36.0,11.12,2.84,3.3,
1024,2014-15,14054,203904,Xavier Thames,PG,29.0,32.5,11.48,3.02,3.48,
1025,2014-15,14033,203897,Zach LaVine,PG,33.5,41.5,10.42,2.8,3.19,
1026,2015-16,15018,1626151,Aaron Harrison,SG,28.5,34.5,,,3.27,1.0
1027,2015-16,15058,1626210,Alan Williams,PF,25.5,28.5,12.26,3.54,3.5,8.0
1028,2015-16,15019,1626150,Andrew Harrison,PG,26.5,33.0,11.2,,3.34,
1029,2015-16,15005,1626148,Anthony Brown,SF-SG,27.5,34.5,10.94,3.29,3.18,4.0
1030,2015-16,15042,1626171,Bobby Portis,PF,25.0,31.5,11.78,3.28,3.56,5.0
1031,2015-16,15010,1626183,Branden Dawson,PF,28.5,34.5,12.22,3.53,3.2,12.0
1032,2015-16,15002,1626165,Brandon Ashley,PF,31.5,35.5,11.21,3.35,3.58,9.0
1033,2015-16,15040,1626166,Cameron Payne,PG,29.75,35.5,10.9,2.93,3.28,0.0
1034,2015-16,15045,1626184,Chasson Randle,PG,33.5,39.5,10.63,2.81,3.2,6.0
1035,2015-16,15036,1626191,Chris McCullough,PF,,,,,,
1036,2015-16,15055,1626217,Chris Walker,PF,30.5,37.0,11.25,3.41,3.35,6.0
1037,2015-16,15060,1626174,Christian Wood,PF,,,,,,
1038,2015-16,15000,1626146,Cliff Alexander,PF-C,,,,,,
1039,2015-16,15021,1626186,Corey Hawkins,SG-PG,28.5,34.0,10.81,,3.51,9.0
1040,2015-16,15047,1626156,D?Angelo Russell,PG-SG,,,,,,
1041,2015-16,15028,1626177,Dakari Johnson,C,22.5,25.0,11.76,2.94,3.62,4.0
1042,2015-16,15061,1626153,Delon Wright,PG,29.5,31.0,11.16,3.5,3.29,4.0
1043,2015-16,15004,1626164,Devin Booker,SG,27.5,34.5,10.27,2.75,3.28,8.0
1044,2015-16,15056,1627361,Dez Wells,SG,31.5,39.0,10.56,3.05,3.2,15.0
1045,2015-16,15031,1626163,Frank Kaminsky,C-PF,,,,,,
1046,2015-16,15051,1626160,J.P. Tokoto,SF-SG,34.5,40.0,10.97,3.2,3.27,12.0
1047,2015-16,15034,1626185,Jarell Martin,PF,28.5,35.0,11.2,2.97,3.27,19.0
1048,2015-16,15015,1626170,Jerian Grant,PG,,,,,,
1049,2015-16,15023,1626182,Jonathan Holmes,PF-SF,25.5,31.0,10.95,3.12,3.51,
1050,2015-16,15037,1626175,Jordan Mickey,PF,33.0,37.5,11.72,3.13,3.28,9.0
1051,2015-16,15001,1626147,Justin Anderson,SF-SG,38.0,43.0,11.13,2.88,3.22,12.0
1052,2015-16,15059,1626159,Justise Winslow,SF,,,,,,
1053,2015-16,15048,1626208,Keifer Sykes,PG,34.0,43.0,10.47,3.15,3.13,8.0
1054,2015-16,15039,1626162,Kelly Oubre,SF-SG,34.5,37.0,11.09,3.12,3.32,7.0
1055,2015-16,15032,1626172,Kevon Looney,PF,,,,,,
1056,2015-16,15038,2006,Larry Nance,PF,29.0,37.5,10.93,3.01,3.25,10.0
1057,2015-16,15050,1626194,Marcus Thornton,PG-SG,34.5,43.0,10.78,2.88,3.02,3.0
1058,2015-16,15013,1626187,Michael Frazier II,SG,27.0,35.0,10.66,3.02,3.32,10.0
1059,2015-16,15044,1626180,Michael Qualls,SG-SF,34.0,39.5,11.88,,3.18,9.0
1060,2015-16,15017,1626149,Montrezl Harrell,PF,,,,,,
1061,2015-16,15052,1626167,Myles Turner,C-PF,,,,,,
1062,2015-16,15043,1626181,Norman Powell,SG,32.5,40.5,10.69,3.2,3.2,5.0
1063,2015-16,15016,1626152,Olivier Hanlan,PG-SG,28.0,34.0,11.41,3.12,3.25,19.0
1064,2015-16,15008,1626192,Pat Connaughton,SG,37.5,44.0,10.58,3.08,3.2,13.0
1065,2015-16,15009,1626188,Quinn Cook,PG,24.5,31.0,11.44,3.41,3.38,14.0
1066,2015-16,15025,1626154,R.J. Hunter,SG,27.5,33.5,10.87,2.91,3.26,1.0
1067,2015-16,15007,1626176,Rakeem Christmas,PF-C,29.0,32.0,11.6,3.3,3.47,9.0
1068,2015-16,15054,1626173,Rashad Vaughn,SG,28.0,34.0,11.4,3.1,3.21,5.0
1069,2015-16,15024,1626158,Richaun Holmes,PF,32.5,36.0,11.24,3.31,3.32,15.0
1070,2015-16,15053,1626193,Robert Upshaw,C,,,,,,
1071,2015-16,15022,1626178,Rondae Hollis-Jefferson,SF,32.0,38.0,10.41,3.19,3.12,13.0
1072,2015-16,15003,1626207,Ryan Boatright,PG,32.0,41.0,10.71,3.05,3.26,10.0
1073,2015-16,15012,1626155,Sam Dekker,SF,25.5,34.5,10.64,2.96,3.28,5.0
1074,2015-16,15029,1626169,Stanley Johnson,SF,,,,,,
1075,2015-16,15035,204456,TJ McConnell,PG,26.0,31.5,10.95,3.09,3.3,7.0
1076,2015-16,15041,1626189,Terran Petteway,SG,25.0,31.0,10.91,3.1,3.32,15.0
1077,2015-16,15046,1626179,Terry Rozier,PG-SG,33.0,38.0,10.84,2.84,3.15,7.0
1078,2015-16,15014,1626203,Treveon Graham,SF,28.5,31.5,11.64,3.15,3.3,11.0
1079,2015-16,15033,1626168,Trey Lyles,PF,,,,,,
1080,2015-16,15020,1626227,Tyler Harvey,SG,26.0,28.5,10.56,2.93,3.44,1.0
1081,2015-16,15030,1626145,Tyus Jones,PG,26.5,32.5,11.84,2.95,3.32,2.0
1082,2015-16,15026,1626205,Vince Hunter,PF,33.5,37.5,11.19,3.06,3.26,13.0
1083,2015-16,15006,1626161,Willie Cauley-Stein,C,,,,,,
1084,2016-17,16005,1627791,Ben Bentil,PF,29.0,33.0,11.16,3.1,3.3,
1085,2016-17,16031,1627744,Brice Johnson,PF,33.5,38.0,11.88,2.94,3.2,
1086,2016-17,16027,1627741,Buddy Hield,SG,,,,,,
1087,2016-17,16054,1628403,Caleb Swanigan,PF,26.0,29.0,12.8,,,
1088,2016-17,16037,1627747,Caris LeVert,SG,,,,,,
1089,2016-17,16002,1627760,Cat Barber,PG,,,,,,
1090,2016-17,16015,1627767,Cheick Diallo,PF,31.0,35.0,11.24,3.3,3.26,
1091,2016-17,16044,1627778,Chinanu Onuaku,C,27.5,33.5,11.65,3.0,3.5,
1092,2016-17,16032,1627745,Damian Jones,C,36.0,37.0,11.35,3.12,3.2,
1093,2016-17,16023,1627772,Daniel Hamilton,SG-SF,26.0,29.0,11.48,3.2,3.4,
1094,2016-17,16004,1627761,DeAndre Bembry,SG-SF,32.0,38.0,10.9,2.87,3.17,
1095,2016-17,16029,1627743,Demetrius Jackson,PG,37.5,43.5,10.81,2.87,3.25,
1096,2016-17,16058,1627756,Denzel Valentine,SG-SF,27.0,32.0,10.51,3.22,3.46,
1097,2016-17,16014,1627738,Deyonta Davis,PF,,,,,,
1098,2016-17,16053,1627754,Diamond Stone,C,27.0,29.5,12.02,3.22,3.5,
1099,2016-17,16021,1627827,Dorian Finney-Smith,SF,32.5,35.5,11.01,3.04,3.27,
1100,2016-17,16012,1627765,Elgin Cook,SF,,,,,,
1101,2016-17,16046,1627780,Gary Payton II,PG,31.5,38.5,11.57,3.17,3.23,
1102,2016-17,16043,1627777,Georges Niang,PF,25.0,31.0,11.64,3.17,3.49,
1103,2016-17,16017,1627740,Henry Ellenson,PF,,,,,,
1104,2016-17,16013,1627766,Isaiah Cousins,PG,30.5,37.0,10.79,2.97,3.24,
1105,2016-17,16059,1627785,Isaiah Whitehead,PG-SG,27.5,35.5,11.65,3.21,3.34,
1106,2016-17,16035,1627774,Jake Layman,SF,33.0,39.5,11.35,2.82,3.24,
1107,2016-17,16047,1627751,Jakob Poeltl,C,,,,,,
1108,2016-17,16006,1628417,Jaron Blossomgame,SF,35.0,41.0,11.53,3.26,3.2,
1109,2016-17,16057,1627784,Jarrod Uthoff,PF,29.0,34.5,11.52,3.03,3.5,
1110,2016-17,16009,1627759,Jaylen Brown,SG-SF,,,,,,
1111,2016-17,16007,1627762,Joel Bolomboy,PF,37.5,40.5,10.26,2.86,3.17,
1112,2016-17,16025,1628404,Josh Hart,SG,29.5,38.5,11.15,3.15,3.2,
1113,2016-17,16030,204211,Justin Jackson,SF,29.5,34.5,11.32,2.96,3.26,
1114,2016-17,16020,1627770,Kay Felder,PG,35.5,44.0,11.52,2.9,3.15,
1115,2016-17,16016,1627739,Kris Dunn,PG,,,,,,
1116,2016-17,16061,1627787,Kyle Wiltjer,PF,28.5,35.5,11.35,3.04,3.48,
1117,2016-17,16050,1627781,Malachi Richardson,SG-SF,33.0,38.0,10.56,3.25,3.33,
1118,2016-17,16008,1627763,Malcolm Brogdon,SG,30.5,35.5,10.77,2.64,3.31,
1119,2016-17,16003,1627736,Malik Beasley,SG,,,,0.0,,
1120,2016-17,16042,1629005,Malik Newman,SG,30.0,35.5,10.88,3.11,3.28,
1121,2016-17,16036,1629159,Marcus Lee,PF-C,28.5,35.5,11.68,3.19,3.25,
1122,2016-17,16045,1627779,Marcus Paige,PG,33.5,39.5,10.82,2.69,3.15,
1123,2016-17,16011,1627737,Marquese Chriss,PF,32.5,38.5,11.93,3.05,3.26,
1124,2016-17,16055,1628453,Melo Trimble,PG,26.5,35.5,10.57,2.77,3.2,
1125,2016-17,16022,1627771,Michael Gbinije,SG,33.5,37.5,11.0,3.19,3.12,
1126,2016-17,16026,1628502,Nigel Hayes,SF-PF,25.5,28.5,12.11,2.9,3.2,
1127,2016-17,16052,1627783,Pascal Siakam,PF,30.5,36.5,11.25,3.09,3.41,
1128,2016-17,16039,1627775,Patrick McCaw,PG-SG,30.0,38.0,11.01,2.97,3.3,
1129,2016-17,16018,1627768,Perry Ellis,PF,32.0,38.0,10.73,3.03,3.13,
1130,2016-17,16000,1627758,Ron Baker,SG,30.0,35.5,10.77,2.96,3.45,
1131,2016-17,16033,1627746,Skal Labissiere,PF-C,,,,,,
1132,2016-17,16062,1627757,Stephen Zimmerman,C,26.0,31.0,12.08,3.16,3.43,
1133,2016-17,16048,1627752,Taurean Prince,SF,34.0,36.0,10.96,2.8,3.24,
1134,2016-17,16038,1627748,Thon Maker,PF,32.0,36.5,11.15,3.09,3.33,
1135,2016-17,16060,1627786,Troy Williams,SF,30.0,36.0,10.72,3.08,3.35,
1136,2016-17,16056,1627755,Tyler Ulis,PG,32.5,38.0,10.8,2.88,3.2,
1137,2016-17,16001,1627735,Wade Baldwin IV,PG,32.5,38.0,10.45,3.01,3.19,
1138,2016-17,16051,1627782,Wayne Selden,SG,,,,,,
1139,2016-17,16049,1627753,Zhou Qi,PF-C,31.5,32.0,11.27,2.9,3.46,
1140,2017-18,17051,1628409,Alec Peters,PF,,,,,,
1141,2017-18,17057,1628403,Caleb Swanigan,PF,,,,,,
1142,2017-18,17049,1628419,Cameron Oliver,PF,28.0,39.5,12.17,3.31,3.16,5.0
1143,2017-18,17011,1628449,Chris Boucher,PF,,,,,,
1144,2017-18,17065,1628391,D.J. Wilson,PF,,,,,,
1145,2017-18,17020,1628422,Damyean Dotson,SG-SF,31.5,38.0,11.18,3.03,3.13,13.0
1146,2017-18,17053,1628432,Davon Reed,SG-SF,28.5,36.0,11.37,3.21,3.34,12.0
1147,2017-18,17024,1628368,De?Aaron Fox,PG,,,,,,
1148,2017-18,17061,1628476,Derrick Walton Jr.,PG,26.0,32.5,11.28,3.12,3.29,9.0
1149,2017-18,17063,1628401,Derrick White,PG,31.0,36.5,10.84,2.92,3.08,10.0
1150,2017-18,17054,1628421,Devin Robinson,SF,35.5,41.5,12.85,3.61,3.23,10.0
1151,2017-18,17014,1628415,Dillon Brooks,SG-SF,31.0,37.5,11.14,3.24,3.21,16.0
1152,2017-18,17044,1628378,Donovan Mitchell,SG,36.5,40.5,11.53,3.07,3.01,10.0
1153,2017-18,17007,1628407,Dwayne Bacon,SG-SF,30.0,36.5,11.7,3.22,3.22,8.0
1154,2017-18,17056,1628410,Edmond Sumner,PG,,,,,,
1155,2017-18,17000,1628389,Edrice Adebayo,PF-C,33.5,38.5,11.94,3.24,3.24,12.0
1156,2017-18,17031,1628402,Frank Jackson,PG,34.5,42.0,10.94,2.7,3.14,9.0
1157,2017-18,17041,1628412,Frank Mason III,PG,34.0,41.0,11.41,3.09,3.18,15.0
1158,2017-18,17018,1628977,Hamidou Diallo,SG-SF,34.5,44.5,10.88,2.79,3.11,0.0
1159,2017-18,17026,1628385,Harry Giles,PF,27.0,32.5,11.08,3.0,3.34,5.0
1160,2017-18,17004,1628387,Ike Anigbogu,C,29.5,32.5,12.52,3.48,3.44,11.0
1161,2017-18,17013,1628515,Isaiah Briscoe,PG,28.0,33.5,10.95,2.85,3.38,11.0
1162,2017-18,17029,1628439,Isaiah Hicks,PF,31.5,37.0,12.31,3.31,3.36,11.0
1163,2017-18,17052,1628397,Ivan Rabb,PF,28.5,32.5,12.68,3.23,3.35,3.0
1164,2017-18,17006,1628503,Jamel Artis,SG-SF,23.5,31.0,11.62,3.08,3.44,5.0
1165,2017-18,17010,1628417,Jaron Blossomgame,SF,31.0,35.5,11.47,3.35,3.17,16.0
1166,2017-18,17002,1628386,Jarrett Allen,C,31.5,35.5,11.82,3.0,3.21,4.0
1167,2017-18,17022,1628393,Jawun Evans,PG,27.5,33.5,11.34,3.26,3.21,1.0
1168,2017-18,17016,1628381,John Collins,PF,33.0,37.5,11.66,3.27,3.27,15.0
1169,2017-18,17046,1628405,Johnathan Motley,PF,,,,,,
1170,2017-18,17009,1628395,Jordan Bell,PF,31.5,38.0,10.63,2.83,3.21,16.0
1171,2017-18,17027,1628404,Josh Hart,SG-SF,27.5,35.5,11.15,3.02,3.18,9.0
1172,2017-18,17033,1628992,Justin Jackson (UMD),SF,26.5,31.5,11.78,3.08,3.43,
1173,2017-18,17032,1628382,Justin Jackson (UNC),SF,29.5,35.5,10.8,3.06,3.3,
1174,2017-18,17050,1628383,Justin Patton,C,26.0,30.5,11.8,3.31,3.46,
1175,2017-18,17003,1628443,Kadeem Allen,PG,33.0,35.5,11.24,2.98,3.15,7.0
1176,2017-18,17042,1628452,Kennedy Meeks,C,28.0,30.5,12.91,3.35,3.5,15.0
1177,2017-18,17055,1628424,Kobi Simmons,PG,30.5,38.5,11.15,2.98,3.18,3.0
1178,2017-18,17038,1628398,Kyle Kuzma,SF-SG,27.0,34.0,10.72,2.98,3.25,12.0
1179,2017-18,17037,1628379,Luke Kennard,SG-SF,,,,,,
1180,2017-18,17025,1628365,Markelle Fultz,PG,,,,,,
1181,2017-18,17059,1628453,Melo Trimble,PG,24.5,32.0,10.75,2.92,3.27,6.0
1182,2017-18,17045,1628420,Monte Morris,PG,28.0,33.5,11.0,3.2,3.19,8.0
1183,2017-18,17060,1629021,Moritz Wagner,PF,25.5,32.5,12.0,2.98,3.35,
1184,2017-18,17028,1628502,Nigel Hayes,PF,29.0,33.5,11.81,2.94,3.27,16.0
1185,2017-18,17064,1628430,Nigel Williams-Goss,PG,27.5,34.5,10.42,3.08,3.19,10.0
1186,2017-18,17005,1628384,OG Anunoby,SF,,,,,,
1187,2017-18,17066,1962937123,Omer Yurtseven,C,26.0,31.5,12.85,3.3,3.45,6.0
1188,2017-18,17021,1628408,PJ Dozier,SG,34.0,39.0,10.84,2.98,3.15,9.0
1189,2017-18,17035,1628514,Peter Jok,SG-SF,26.5,31.0,11.34,2.93,3.41,
1190,2017-18,17001,1628959,Rawle Alkins,SG-SF,31.5,40.5,11.99,3.18,3.3,7.0
1191,2017-18,17048,1628400,Semi Ojeleye,SF-SG,35.0,40.5,10.58,3.07,3.16,19.0
1192,2017-18,17058,1628414,Sindarius Thornwell,SG-SF,27.0,30.5,11.48,3.03,3.36,15.0
1193,2017-18,17047,1629004,Svi Mykhailiuk,SG-SF,27.0,33.0,12.4,3.25,3.53,8.0
1194,2017-18,17039,1628388,TJ Leaf,PF,29.0,34.5,11.55,3.27,3.27,6.0
1195,2017-18,17023,1628390,Terrance Ferguson,SG-SF,28.5,38.0,11.16,3.22,3.32,
1196,2017-18,17015,1628418,Thomas Bryant,PF-C,25.5,33.0,11.42,3.12,3.37,7.0
1197,2017-18,17062,1629118,Thomas Welsh,PF-C,,,,,,11.0
1198,2017-18,17012,1628396,Tony Bradley,C,24.5,27.5,11.79,2.99,3.44,5.0
1199,2017-18,17019,1628416,Tyler Dorsey,SG,30.5,36.0,10.55,2.98,3.16,8.0
1200,2017-18,17040,1628399,Tyler Lydon,PF,29.5,33.5,11.68,2.81,3.46,1.0
1201,2017-18,17008,1628431,V.J. Beachem,SG-SF,30.0,37.0,11.18,3.19,3.26,11.0
1202,2017-18,17030,1628411,Wesley Iwundu,SG-SF,31.5,36.0,11.25,3.23,3.36,5.0
1203,2017-18,17017,1628380,Zach Collins,PF-C,,,,,,
1204,2018-19,1628988,1628988,Aaron Holiday,PG,25.5,33.0,10.96,3.22,3.27,
1205,2018-19,1628993,1628993,Alize Johnson,PF,25.0,31.0,11.83,3.28,3.38,8.0
1206,2018-19,1629019,1629019,Allonzo Trier,SG,32.0,40.0,11.02,2.97,3.14,11.0
1207,2018-19,1629014,1629014,Anfernee Simons,SG-PG,32.0,41.5,11.27,3.16,3.1,1.0
1208,2018-19,1629024,1629024,Austin Wiley,C,28.0,33.5,12.79,3.27,3.3,14.0
1209,2018-19,1629009,1629009,Billy Preston,PF,25.0,33.0,11.26,3.35,3.2,0.0
1210,2018-19,1629000,1629000,Brandon McCoy,C,27.5,32.0,11.77,3.31,3.23,9.0
1211,2018-19,1628968,1628968,Brian Bowen,SG-SF,30.5,34.0,11.58,3.33,3.28,0.0
1212,2018-19,1628971,1628971,Bruce Brown,SG-PG,32.5,38.0,11.11,3.44,3.2,17.0
1213,2018-19,1628981,1628981,Bruno Fernando,C,29.0,35.0,12.19,3.03,3.23,11.0
1214,2018-19,1628997,1628997,Caleb Martin,SF-SG,29.0,36.5,10.43,2.75,3.26,6.0
1215,2018-19,1629035,1629035,Carsen Edwards,PG,28.5,34.5,11.59,3.15,3.2,12.0
1216,2018-19,1629002,1629002,Chimezie Metu,PF-C,29.5,36.0,11.89,3.25,3.33,5.0
1217,2018-19,1628998,1628998,Cody Martin,SG-SF,29.0,36.5,10.64,3.05,3.09,4.0
1218,2018-19,1629012,1629012,Collin Sexton,PG,,,,,,
1219,2018-19,1629001,1629001,DeAnthony Melton,SG-PG,31.0,36.5,11.48,3.33,3.23,1.0
1220,2018-19,1628985,1628985,Devon Hall,SG,25.0,31.0,10.95,3.16,3.27,6.0
1221,2018-19,1628984,1628984,Devonte Graham,PG,31.0,37.0,11.28,3.15,3.21,14.0
1222,2018-19,1628978,1628978,Donte DiVincenzo,SG,34.5,42.0,10.72,3.12,3.11,12.0
1223,2018-19,1629018,1629018,Gary Trent,SG,33.5,39.5,11.37,2.99,3.12,12.0
1224,2018-19,1628994,1628994,George King,SF-SG,31.0,39.0,10.75,3.08,3.29,15.0
1225,2018-19,1628960,1628960,Grayson Allen,SG,32.5,40.5,10.31,3.04,3.15,
1226,2018-19,1628977,1628977,Hamidou Diallo,SG,32.5,40.5,10.53,3.14,3.1,1.0
1227,2018-19,1629036,1629036,Isaac Haas,C,,,,,,
1228,2018-19,1628980,1628980,Jacob Evans,SG-SF,28.0,35.5,11.11,3.14,3.2,8.0
1229,2018-19,1628973,1628973,Jalen Brunson,PG,29.0,37.0,10.59,3.11,3.15,7.0
1230,2018-19,1628991,1628991,Jaren Jackson,PF-C,,,,,,
1231,2018-19,1628965,1628965,Jaylen Barford,PG-SG,27.0,33.0,11.39,3.21,3.31,7.0
1232,2018-19,1628986,1628986,Jaylen Hands,PG,31.5,39.5,12.11,3.16,3.13,6.0
1233,2018-19,1629010,1629010,Jerome Robinson,SG,,,,,,
1234,2018-19,1628975,1628975,Jevon Carter,PG,29.0,36.5,11.04,3.05,3.18,14.0
1235,2018-19,1629007,1629007,Jontay Porter,C-PF,25.5,31.0,11.9,3.07,3.4,9.0
1236,2018-19,1629006,1629006,Josh Okogie,SG,33.0,42.0,11.08,3.03,3.04,12.0
1237,2018-19,1628992,1628992,Justin Jackson,PF,,,,,,
1238,2018-19,1629037,1629037,Keenan Evans,PG,,,,,,
1239,2018-19,1628966,1628966,Keita Bates-Diop,SG-SF,30.5,35.0,11.2,3.28,3.17,11.0
1240,2018-19,1629026,1629026,Kenrich Williams,SF,28.0,33.0,10.86,3.28,3.19,14.0
1241,2018-19,1628987,1628987,Kevin Hervey,PF,27.5,32.0,11.28,3.15,3.36,4.0
1242,2018-19,1628989,1628989,Kevin Huerter,SG,31.0,38.0,10.89,2.97,3.09,9.0
1243,2018-19,1628995,1628995,Kevin Knox,SF,,,,,,
1244,2018-19,1629017,1629017,Khyri Thomas,SG,30.0,35.0,10.96,3.18,3.18,14.0
1245,2018-19,1628961,1628961,Kostas Antetokounmpo,PF,29.5,35.0,12.48,3.48,3.21,0.0
1246,2018-19,1629025,1629025,Kris Wilkes,SF,28.0,35.5,11.29,3.16,3.24,1.0
1247,2018-19,1629013,1629013,Landry Shamet,PG,31.0,39.5,11.26,3.21,3.11,8.0
1248,2018-19,1629022,1629022,Lonnie Walker,SG,31.5,40.0,10.87,2.91,3.06,12.0
1249,2018-19,1629005,1629005,Malik Newman,SG,27.5,33.5,10.9,3.18,3.13,
1250,2018-19,1628982,1628982,Melvin Frazier,SF-SG,31.0,40.5,11.24,3.08,3.08,0.0
1251,2018-19,1629008,1629008,Michael Porter,SF-PF,,,,,,
1252,2018-19,1628970,1628970,Miles Bridges,SF,,,,,,
1253,2018-19,1628964,1628964,Mohamed Bamba,C,,,,,,
1254,2018-19,1629021,1629021,Moritz Wagner,C-PF,27.0,34.0,11.48,3.07,3.18,8.0
1255,2018-19,1629016,1629016,Omari Spellman,PF-C,28.5,35.5,12.28,3.35,3.38,8.0
1256,2018-19,1629023,1629023,PJ Washington,PF,27.0,34.0,11.39,3.43,3.2,3.0
1257,2018-19,1628959,1628959,Rawle Alkins,SG,32.5,40.5,11.5,3.09,3.15,10.0
1258,2018-19,1629034,1629034,Ray Spalding,PF,26.0,32.0,11.48,3.2,3.34,12.0
1259,2018-19,1628996,1628996,Sagaba Konate,C,31.5,35.0,12.28,3.36,3.28,12.0
1260,2018-19,1628983,1628983,Shai Gilgeous-Alexander,PG,,,,,,
1261,2018-19,1629003,1629003,Shake Milton,SG-PG,30.0,33.0,11.07,3.19,3.25,2.0
1262,2018-19,1629004,1629004,Sviatoslav Mykhailiuk,SG-SF,30.5,37.0,11.25,3.18,3.15,4.0
1263,2018-19,1629033,1629033,Theo Pinson,SG-SF,27.0,34.0,11.53,3.11,3.22,7.0
1264,2018-19,1628974,1628974,Tony Carr,PG,25.0,31.5,11.89,3.4,3.17,0.0
1265,2018-19,1629027,1629027,Trae Young,PG,,,,,,
1266,2018-19,1628979,1628979,Trevon Duval,PG,34.0,41.5,10.93,3.09,3.18,6.0
1267,2018-19,1628972,1628972,Troy Brown,SF,26.0,33.0,11.51,3.29,3.33,5.0
1268,2018-19,1628967,1628967,Tyus Battle,SG,32.0,37.5,11.04,2.87,3.07,9.0
1269,2018-19,1628962,1628962,Udoka Azubuike,C,31.0,31.5,12.97,3.65,3.12,11.0
1270,2018-19,1628976,1628976,Wendell Carter,C-PF,,,,,,
1271,2018-19,1628999,1628999,Yante Maten,PF-C,27.0,31.5,11.35,3.13,3.17,18.0
1272,2018-19,1629015,1629015,Zhaire Smith,SF-SG,33.0,41.5,11.02,3.15,3.05,10.0
1273,2019-20,1629678,1629678,Admiral Schofield,SF,30.0,34.0,10.77,2.87,3.37,15.0
1274,2019-20,1629626,1629626,Bol Bol,C,,,,,,
1275,2019-20,1629634,1629634,Brandon Clarke,SF,34.0,40.5,10.61,3.05,3.15,10.0
1276,2019-20,1628968,1628968,Brian Bowen II,SF,32.0,35.5,10.98,3.21,3.26,1.0
1277,2019-20,1628981,1628981,Bruno Fernando,C,29.5,33.5,11.29,3.05,3.21,13.0
1278,2019-20,1629661,1629661,Cameron Johnson,SG,30.5,36.5,10.52,3.28,3.26,
1279,2019-20,1629629,1629629,Cameron Reddish,SF,,,,,,
1280,2019-20,1629654,1629654,Carsen Edwards,PG,28.5,34.0,10.53,2.82,3.22,14.0
1281,2019-20,1629646,1629646,Charles Bassey,C,29.0,33.0,12.65,3.27,3.53,7.0
1282,2019-20,1629666,1629666,Charles Matthews,SG,29.5,37.5,11.26,3.24,3.38,9.0
1283,2019-20,1629643,1629643,Chuma Okeke,,,,,,,
1284,2019-20,1629632,1629632,Coby White,PG,,,,,,
1285,2019-20,1628998,1628998,Cody Martin,PG-SG,28.0,35.5,10.44,2.99,3.32,7.0
1286,2019-20,1629610,1629610,DaQuan Jeffries,SF-PF,,,,,,
1287,2019-20,1629655,1629655,Daniel Gafford,PF,32.5,36.5,11.61,3.19,3.25,5.0
1288,2019-20,1629647,1629647,Darius Bazley,PF,30.5,37.0,11.09,2.95,3.27,4.0
1289,2019-20,1629636,1629636,Darius Garland,PG,,,,,,
1290,2019-20,1629631,1629631,De'Andre Hunter,,,,,,,
1291,2019-20,1629664,1629664,Dedric Lawson,PF,23.5,26.0,11.8,3.54,3.6,10.0
1292,2019-20,1629653,1629653,Devon Dotson,PG,30.0,38.5,10.63,2.8,3.04,7.0
1293,2019-20,1629608,1629608,Dewan Hernandez,C,30.5,35.5,11.46,3.25,3.28,13.0
1294,2019-20,1629685,1629685,Dylan Windler,SF,29.0,37.5,10.7,2.94,3.3,8.0
1295,2019-20,1629672,1629672,Eric Paschall,SF,33.0,38.0,11.63,3.26,3.3,18.0
1296,2019-20,1629684,1629684,Grant Williams,PF,26.0,31.5,10.83,3.27,3.33,20.0
1297,2019-20,1629649,1629649,Ignas Brazdeikis,SF,31.0,36.5,11.06,3.17,3.36,13.0
1298,2019-20,1629676,1629676,Isaiah Roby,PF,32.5,35.5,10.63,3.05,3.25,9.0
1299,2019-20,1629630,1629630,Ja Morant,PG,,,,,,
1300,2019-20,1629658,1629658,Jalen Hoard,PF,27.5,35.5,11.44,3.32,3.34,8.0
1301,2019-20,1629665,1629665,Jalen Lecque,PG,35.0,43.0,11.09,3.3,3.29,1.0
1302,2019-20,1629667,1629667,Jalen McDaniels,SF,29.5,33.5,11.54,3.23,3.32,0.0
1303,2019-20,1629607,1629607,Jared Harper,PG,33.5,40.5,10.77,3.02,3.04,8.0
1304,2019-20,1629633,1629633,Jarrett Culver,SG,,,,,,
1305,2019-20,1629637,1629637,Jaxson Hayes,PF,27.0,34.5,11.74,3.23,3.37,5.0
1306,2019-20,1628986,1628986,Jaylen Hands,PG,33.0,41.5,10.73,3.03,3.12,6.0
1307,2019-20,1629669,1629669,Jaylen Nowell,SG,32.0,38.5,10.76,3.13,3.23,2.0
1308,2019-20,1629007,1629007,Jontay Porter,PF,,,,,,
1309,2019-20,1629648,1629648,Jordan Bone,SG,36.0,42.5,9.97,2.78,3.08,7.0
1310,2019-20,1629670,1629670,Jordan Nwora,PF,,,,,,
1311,2019-20,1629673,1629673,Jordan Poole,SG,28.0,35.5,10.59,3.14,3.27,
1312,2019-20,1629644,1629644,KZ Okpala,SF,30.5,37.0,10.88,3.13,3.38,9.0
1313,2019-20,1629640,1629640,Keldon Johnson,SG,,,,,,
1314,2019-20,1629645,1629645,Kevin Porter Jr.,SG,27.0,34.0,10.82,3.03,3.14,2.0
1315,2019-20,1629681,1629681,Killian Tillie,,,,,,,
1316,2019-20,1629025,1629025,Kris Wilkes,SF,27.5,35.0,10.39,3.09,3.34,4.0
1317,2019-20,1629065,1629065,Ky Bowman,PG,27.5,33.0,11.11,3.11,3.26,4.0
1318,2019-20,1629657,1629657,Kyle Guy,SG,30.5,36.5,10.48,3.07,3.27,4.0
1319,2019-20,1629663,1629663,Louis King,SF,29.0,33.0,10.99,3.05,3.28,0.0
1320,2019-20,1629652,1629652,Luguentz Dort,PG,32.5,38.0,10.79,3.13,3.22,14.0
1321,2019-20,1629677,1629677,Luka Samanic,PF,27.0,38.0,11.01,3.03,3.27,7.0
1322,2019-20,1629621,1629621,Marial Shayok,SF-PF,29.5,36.5,11.16,3.04,3.37,9.0
1323,2019-20,1629662,1629662,Mfiondu Kabengele,PF,28.0,35.5,11.21,3.3,3.25,6.0
1324,2019-20,1629671,1629671,Miye Oni,SG,30.5,38.5,11.71,3.12,3.17,19.0
1325,2019-20,1629650,1629650,Moses Brown,C,27.0,31.0,11.95,3.3,3.51,
1326,2019-20,1629642,1629642,Nassir Little,SF,31.0,38.5,12.15,3.1,3.24,5.0
1327,2019-20,1629675,1629675,Naz Reid,PF,26.0,32.5,12.03,3.76,3.42,3.0
1328,2019-20,1629674,1629674,Neemias Queta,C,24.0,32.5,12.04,3.45,3.73,1.0
1329,2019-20,1629638,1629638,Nickeil Alexander-Walker,SG,,,,,,
1330,2019-20,1629651,1629651,Nicolas Claxton,C,31.5,36.5,11.26,3.47,3.36,8.0
1331,2019-20,1629052,1629052,O'Shae Brissett,SF-PF,34.0,37.5,11.3,3.18,3.48,11.0
1332,2019-20,1629023,1629023,P.J. Washington,PF,,,,,,
1333,2019-20,1629656,1629656,Quentin Grimes,SG,27.5,36.0,10.83,3.28,3.2,6.0
1334,2019-20,1629683,1629683,Quinndary Weatherspoon,SG,31.0,38.0,11.57,3.15,3.16,
1335,2019-20,1629628,1629628,RJ Barrett,SF,,,,,,
1336,2019-20,1629617,1629617,Reggie Perry,SF-PF,28.5,31.5,12.46,3.4,3.3,15.0
1337,2019-20,1629641,1629641,Romeo Langford,SG,,,,,,
1338,2019-20,1629044,1629044,Shamorie Ponds,PG,29.0,37.0,11.01,3.07,3.2,0.0
1339,2019-20,1629679,1629679,Simisola Shittu,PF,27.0,35.5,11.85,3.24,3.3,11.0
1340,2019-20,1629605,1629605,Tacko Fall,C,22.0,26.5,13.01,3.46,3.78,8.0
1341,2019-20,1629659,1629659,Talen Horton-Tucker,SG,26.0,34.5,11.34,3.43,3.34,10.0
1342,2019-20,1629611,1629611,Terance Mann,SG-SF,32.5,38.5,11.51,3.14,3.3,6.0
1343,2019-20,1629056,1629056,Terence Davis,SG,29.5,34.0,10.69,2.96,3.28,13.0
1344,2019-20,1629682,1629682,Tremont Waters,PG,30.5,40.5,10.76,3.11,3.07,5.0
1345,2019-20,1629660,1629660,Ty Jerome,PG,26.0,31.5,11.21,3.12,3.4,2.0
1346,2019-20,1629076,1629076,Tyler Cook,PF,27.5,32.0,11.32,3.1,3.28,11.0
1347,2019-20,1629639,1629639,Tyler Herro,SG,,,,,,
1348,2019-20,1629668,1629668,Zach Norvell Jr.,SG,24.0,30.0,11.6,3.34,3.43,
1349,2019-20,1629627,1629627,Zion Williamson,PF,,,,,,
1350,2020-21,1630204,1630204,Ashton Hagans,PG,29.5,36.5,10.82,2.5,3.13,
1351,2020-21,1629604,1629604,CJ Elleby,SG-SF,30.5,36.5,11.25,2.63,3.25,
1352,2020-21,1630199,1630199,Cassius Stanley,SG,34.5,44.0,11.4,2.43,3.09,
1353,2020-21,1630216,1630216,Cassius Winston,PG,24.0,28.0,11.15,2.74,3.61,
1354,2020-21,1629653,1629653,Devon Dotson,PG,31.5,40.5,10.44,2.22,3.02,
1355,2020-21,1630190,1630190,Elijah Hughes,SF-SG,,,,,,
1356,2020-21,1630203,1630203,Grant Riller,PG-SG,32.5,39.5,11.17,2.45,3.07,
1357,2020-21,1630193,1630193,Immanuel Quickley,SG,29.5,35.5,11.21,2.46,3.17,
1358,2020-21,1630198,1630198,Isaiah Joe,SG,,,,,,
1359,2020-21,1630191,1630191,Isaiah Stewart,C,,,,,,
1360,2020-21,1630186,1630186,Jahmi'us Ramsey,SG,,,,,,
1361,2020-21,1630223,1630223,Jalen Harris,SG,37.5,42.5,10.59,2.49,3.11,
1362,2020-21,1630188,1630188,Jalen Smith,PF-C,,,,,,
1363,2020-21,1630206,1630206,Jayden Scrubb,SG-SF,,,,,,
1364,2020-21,1629670,1629670,Jordan Nwora,SF-PF,29.0,35.0,11.29,2.66,3.43,
1365,2020-21,1630182,1630182,Josh Green,SG-SF,30.5,39.5,10.64,2.28,3.12,
1366,2020-21,1630221,1630221,Joshua Hall,SF,31.5,37.5,12.16,2.62,3.38,
1367,2020-21,1630232,1630232,Kahlil Whitney,SF,29.0,39.0,11.17,2.61,3.28,
1368,2020-21,1629700,1629700,Kaleb Wesson,C,21.5,27.0,11.73,2.64,3.6,
1369,2020-21,1630211,1630211,Karim Mane,PG-SG,31.0,36.0,11.52,2.64,3.04,
1370,2020-21,1630231,1630231,Kenyon Martin Jr.,SF-PF,31.5,38.5,11.93,2.58,3.16,
1371,2020-21,1629681,1629681,Killian Tillie,PF,27.5,32.0,11.6,2.62,3.4,
1372,2020-21,1630205,1630205,Lamar Stevens,SF-PF,35.0,41.0,10.35,2.54,3.2,
1373,2020-21,1629603,1629603,Mamadi Diakite,PF,28.0,37.0,11.95,2.71,3.16,
1374,2020-21,1630210,1630210,Markus Howard,PG,30.5,35.5,11.21,3.17,3.11,
1375,2020-21,1630222,1630222,Mason Jones,SG,24.0,31.0,10.6,2.49,3.33,
1376,2020-21,1629619,1629619,Myles Powell,PG-SG,,,,,,
1377,2020-21,1630230,1630230,Naji Marshall,SF,28.5,35.0,11.77,2.9,3.37,
1378,2020-21,1630233,1630233,Nathan Knight,PF-C,23.0,31.5,11.56,2.96,3.31,
1379,2020-21,1630208,1630208,Nick Richards,C,30.0,34.0,11.42,2.92,3.25,
1380,2020-21,1630220,1630220,Paul Eboua,SF-PF,33.0,35.5,10.79,2.44,3.19,
1381,2020-21,1630194,1630194,Paul Reed Jr.,PF,26.5,37.5,12.29,2.67,3.45,
1382,2020-21,1630173,1630173,Precious Achiuwa,PF,,,,,,
1383,2020-21,1629617,1629617,Reggie Perry,PF-C,30.0,33.5,11.26,2.57,3.25,
1384,2020-21,1630218,1630218,Robert Woodard II,SF,32.0,38.0,11.1,2.49,3.18,
1385,2020-21,1630219,1630219,Skylar Mays,SG,29.0,37.5,10.65,2.4,3.3,
1386,2020-21,1630177,1630177,Theo Maledon,PG,,,,,,
1387,2020-21,1630235,1630235,Trent Forrest,PG,28.0,34.5,11.04,2.5,3.18,
1388,2020-21,1630234,1630234,Ty-Shon Alexander,SG,28.0,33.0,11.33,2.47,3.26,
1389,2020-21,1630189,1630189,Tyler Bey,PF,37.0,43.5,11.35,2.75,3.17,
1390,2020-21,1630179,1630179,Tyrell Terry,PG,30.0,34.0,10.78,2.59,3.28,
1391,2020-21,1628962,1628962,Udoka Azubuike,C,37.0,41.0,11.82,3.61,3.23,
1392,2020-21,1630214,1630214,Xavier Tillman Sr.,PF-C,26.0,32.5,11.8,3.01,3.49,
1393,2020-21,1630213,1630213,Yoeli Childs,PF,34.0,38.5,10.87,2.42,3.22,
1394,2020-21,1630192,1630192,Zeke Nnaji,PF-C,33.0,38.0,10.94,2.72,3.2,
